{
	"format_version": "1.21.6",
	"credit": "Made with Blockbench",
	"textures": {
		"0": "item/eatinganimation/rotten_flesh/rotten_flesh_eat_1",
		"particle": "item/rotten_flesh"
	},
	"elements": [
		{
			"from": [5.96299, 0.5, 6.03701],
			"to": [7.96299, 1.5, 7.07402],
			"rotation": {"angle": 0, "axis": "y", "origin": [9, 0.75, 8.03701]},
			"faces": {
				"north": {"uv": [10, 4, 12, 5], "texture": "#0"},
				"east": {"uv": [7.96299, 8, 9, 9], "texture": "#0"},
				"south": {"uv": [8, 5, 10, 6], "texture": "#0"},
				"west": {"uv": [1, 8, 2.03701, 9], "texture": "#0"},
				"up": {"uv": [1.03701, 4, 0, 2], "rotation": 270, "texture": "#0"},
				"down": {"uv": [1.03701, 6, 0, 8], "rotation": 90, "texture": "#0"}
			}
		},
		{
			"from": [7.96299, 0.5, 6.03701],
			"to": [7.96299, 1.5, 7.07402],
			"rotation": {"angle": 0, "axis": "y", "origin": [9, 0.75, 8.03701]},
			"faces": {
				"north": {"uv": [10, 4, 10, 5], "texture": "#0"},
				"east": {"uv": [7.96299, 8, 9, 9], "texture": "#0"},
				"south": {"uv": [10, 5, 10, 6], "texture": "#0"},
				"west": {"uv": [1, 8, 2.03701, 9], "texture": "#0"},
				"up": {"uv": [1.03701, 2, 0, 2], "rotation": 270, "texture": "#0"},
				"down": {"uv": [1.03701, 6, 0, 6], "rotation": 90, "texture": "#0"}
			}
		},
		{
			"from": [5.96299, 0.5, 5.03701],
			"to": [7.96299, 1.5, 6.03701],
			"rotation": {"angle": 0, "axis": "y", "origin": [9, 0.75, 8.03701]},
			"faces": {
				"north": {"uv": [11, 0, 13, 1], "texture": "#0"},
				"east": {"uv": [13, 1, 14, 2], "texture": "#0"},
				"west": {"uv": [13, 0, 14, 1], "texture": "#0"},
				"up": {"uv": [6, 13, 5, 11], "rotation": 270, "texture": "#0"},
				"down": {"uv": [7, 11, 6, 13], "rotation": 90, "texture": "#0"}
			}
		},
		{
			"from": [8.96299, 1.5, 6.03701],
			"to": [5.96299, 0.5, 5.03701],
			"rotation": {"angle": 0, "axis": "y", "origin": [9, 0.75, 8.03701]},
			"faces": {
				"north": {"uv": [9, 1, 12, 2], "texture": "#0"},
				"east": {"uv": [5, 13, 6, 14], "texture": "#0"},
				"south": {"uv": [10, 2, 13, 3], "texture": "#0"},
				"west": {"uv": [4, 13, 5, 14], "texture": "#0"},
				"up": {"uv": [8, 12, 7, 9], "rotation": 270, "texture": "#0"},
				"down": {"uv": [9, 9, 8, 12], "rotation": 90, "texture": "#0"}
			}
		}
	],
	"display": {
		"thirdperson_righthand": {
			"rotation": [-45, 0, 0],
			"translation": [-0.25, 4.5, -3],
			"scale": [0.75, 0.75, 0.75]
		},
		"thirdperson_lefthand": {
			"rotation": [-45, 0, -180],
			"translation": [-0.25, -3, 4.5],
			"scale": [0.75, 0.75, 0.75]
		},
		"firstperson_righthand": {
			"rotation": [-10, -86, 0],
			"translation": [-1.5, 9.5, 0.25],
			"scale": [1.25, 1.25, 1.25]
		},
		"firstperson_lefthand": {
			"rotation": [-10, -86, 0],
			"translation": [-1.5, 9.5, -0.25],
			"scale": [1.25, 1.25, 1.25]
		},
		"ground": {
			"translation": [0, 5, 0],
			"scale": [0.75, 0.75, 0.75]
		},
		"gui": {
			"rotation": [30, -45, 0],
			"translation": [-0.25, 10.25, 0],
			"scale": [1.75, 1.75, 1.75]
		},
		"head": {
			"translation": [-0.5, 18, 0],
			"scale": [1.5, 1.5, 1.5]
		},
		"fixed": {
			"rotation": [-90, 90, 0],
			"translation": [0.25, 0.25, -12],
			"scale": [1.75, 1.75, 1.75]
		}
	},
	"groups": [
		{
			"name": "rottenflesh",
			"origin": [9.5, 1.5, 8.5],
			"color": 0,
			"children": [0, 1, 2, 3]
		}
	]
}