{
	"format_version": "1.21.6",
	"credit": "Made with Blockbench",
	"texture_size": [32, 32],
	"textures": {
		"0": "item/pufferfish_3d",
		"2": "item/plated_food/plate_3d",
		"particle": "item/pufferfish"
	},
	"elements": [
		{
			"name": "body",
			"from": [4, 1, 4],
			"to": [12, 9, 12],
			"rotation": {"angle": 0, "axis": "y", "origin": [8, 0, 8]},
			"faces": {
				"north": {"uv": [4, 4, 8, 8], "texture": "#0"},
				"east": {"uv": [0, 4, 4, 8], "texture": "#0"},
				"south": {"uv": [12, 4, 16, 8], "texture": "#0"},
				"west": {"uv": [8, 4, 12, 8], "texture": "#0"},
				"up": {"uv": [8, 4, 4, 0], "texture": "#0"},
				"down": {"uv": [12, 0, 8, 4], "texture": "#0"}
			}
		},
		{
			"name": "fin_left",
			"from": [2, 8, 5.01],
			"to": [4, 8, 7.01],
			"rotation": {"angle": 0, "axis": "y", "origin": [8, 0, 8]},
			"faces": {
				"up": {"uv": [14, 2.5, 13, 1.5], "texture": "#0"},
				"down": {"uv": [14, 1.5, 13, 2.5], "texture": "#0"}
			}
		},
		{
			"name": "fin_right",
			"from": [12, 8, 5.01],
			"to": [14, 8, 7.01],
			"rotation": {"angle": 0, "axis": "y", "origin": [8, 0, 8]},
			"faces": {
				"up": {"uv": [14, 1, 13, 0], "texture": "#0"},
				"down": {"uv": [14, 0, 13, 1], "texture": "#0"}
			}
		},
		{
			"name": "spikes_front_top",
			"from": [4, 8.29289, 3.70711],
			"to": [12, 9.29289, 3.70711],
			"rotation": {"angle": -45, "axis": "x", "origin": [8, 9, 3]},
			"faces": {
				"north": {"uv": [7.5, 8.5, 11.5, 9], "texture": "#0"},
				"south": {"uv": [11.5, 8.5, 7.5, 9], "texture": "#0"}
			}
		},
		{
			"name": "spikes_middle_top",
			"from": [4, 9, 8],
			"to": [12, 10, 8],
			"rotation": {"angle": 0, "axis": "y", "origin": [8, 0, 8]},
			"faces": {
				"north": {"uv": [7.5, 8.5, 11.5, 9], "texture": "#0"},
				"south": {"uv": [11.5, 8.5, 7.5, 9], "texture": "#0"}
			}
		},
		{
			"name": "spikes_back_top",
			"from": [4, 9.70711, 11.70711],
			"to": [12, 10.70711, 11.70711],
			"rotation": {"angle": 45, "axis": "x", "origin": [8, 9, 11]},
			"faces": {
				"north": {"uv": [11.5, 9, 15.5, 9.5], "texture": "#0"},
				"south": {"uv": [15.5, 9, 11.5, 9.5], "texture": "#0"}
			}
		},
		{
			"name": "spikes_front_left",
			"from": [3.70711, 1, 3.70711],
			"to": [4.70711, 9, 3.70711],
			"rotation": {"angle": -45, "axis": "y", "origin": [4, 5, 3]},
			"faces": {
				"north": {"uv": [0.5, 8.5, 1, 12.5], "texture": "#0"},
				"south": {"uv": [0.5, 8.5, 1, 12.5], "texture": "#0"}
			}
		},
		{
			"name": "spikes_front_right",
			"from": [11.29289, 1, 3.70711],
			"to": [12.29289, 9, 3.70711],
			"rotation": {"angle": 45, "axis": "y", "origin": [12, 5, 3]},
			"faces": {
				"north": {"uv": [2.5, 8.5, 3, 12.5], "texture": "#0"},
				"south": {"uv": [2.5, 8.5, 3, 12.5], "texture": "#0"}
			}
		},
		{
			"name": "spikes_back_left",
			"from": [2.29289, 1, 11.70711],
			"to": [3.29289, 9, 11.70711],
			"rotation": {"angle": 45, "axis": "y", "origin": [4, 5, 11]},
			"faces": {
				"north": {"uv": [4.5, 8.5, 5, 12.5], "texture": "#0"},
				"south": {"uv": [4.5, 8.5, 5, 12.5], "texture": "#0"}
			}
		},
		{
			"name": "spikes_back_right",
			"from": [12.70711, 1, 11.70711],
			"to": [13.70711, 9, 11.70711],
			"rotation": {"angle": -45, "axis": "y", "origin": [12, 5, 11]},
			"faces": {
				"north": {"uv": [4.5, 8.5, 5, 12.5], "texture": "#0"},
				"south": {"uv": [4.5, 8.5, 5, 12.5], "texture": "#0"}
			}
		},
		{
			"name": "plate",
			"from": [2, 0, 2],
			"to": [14, 1, 14],
			"rotation": {"angle": 0, "axis": "y", "origin": [2, 0, 2]},
			"faces": {
				"north": {"uv": [0, 6, 6, 6.5], "texture": "#2"},
				"east": {"uv": [6, 0, 12, 0.5], "texture": "#2"},
				"south": {"uv": [6, 0.5, 12, 1], "texture": "#2"},
				"west": {"uv": [6, 1, 12, 1.5], "texture": "#2"},
				"up": {"uv": [6, 6, 0, 0], "texture": "#2"},
				"down": {"uv": [6, 1.5, 12, 7.5], "texture": "#2"}
			}
		}
	],
	"display": {
		"thirdperson_righthand": {
			"rotation": [70, 45, 0],
			"translation": [0, 4.5, 2.5],
			"scale": [0.5, 0.5, 0.5]
		},
		"thirdperson_lefthand": {
			"rotation": [70, 45, 0],
			"translation": [0, 4.5, 2.5],
			"scale": [0.5, 0.5, 0.5]
		},
		"firstperson_righthand": {
			"rotation": [0, 142, 0],
			"translation": [0, 6.5, 1.5],
			"scale": [0.6, 0.6, 0.6]
		},
		"firstperson_lefthand": {
			"rotation": [0, 142, 0],
			"translation": [0, 6.5, 1.5],
			"scale": [0.6, 0.6, 0.6]
		},
		"ground": {
			"translation": [0, 4.25, 0],
			"scale": [0.75, 0.75, 0.75]
		},
		"gui": {
			"rotation": [30, 135, 0],
			"translation": [0, 1.75, 0],
			"scale": [0.8, 0.8, 0.8]
		},
		"head": {
			"translation": [0, 14.4, 0]
		},
		"fixed": {
			"rotation": [-90, 0, 0],
			"translation": [0, 0, -14.08],
			"scale": [2.01, 2.01, 2.01]
		}
	},
	"groups": [
		{
			"name": "body",
			"origin": [0, 1, 0],
			"color": 0,
			"children": [0]
		},
		{
			"name": "fin_left",
			"origin": [-4, 8, -2],
			"color": 0,
			"children": [1]
		},
		{
			"name": "fin_right",
			"origin": [4, 8, -2],
			"color": 0,
			"children": [2]
		},
		{
			"name": "spikes_front_top",
			"origin": [0, 9, -4],
			"rotation": [-45, 0, 0],
			"color": 0,
			"children": [3]
		},
		{
			"name": "spikes_middle_top",
			"origin": [0, 9, 0],
			"color": 0,
			"children": [4]
		},
		{
			"name": "spikes_back_top",
			"origin": [0, 9, 4],
			"rotation": [45, 0, 0],
			"color": 0,
			"children": [5]
		},
		{
			"name": "spikes_front_left",
			"origin": [-4, 1, -4],
			"rotation": [0, -45, 0],
			"color": 0,
			"children": [6]
		},
		{
			"name": "spikes_front_right",
			"origin": [4, 1, -4],
			"rotation": [0, 45, 0],
			"color": 0,
			"children": [7]
		},
		{
			"name": "spikes_back_left",
			"origin": [-4, 1, 4],
			"rotation": [0, 45, 0],
			"color": 0,
			"children": [8]
		},
		{
			"name": "spikes_back_right",
			"origin": [4, 1, 4],
			"rotation": [0, -45, 0],
			"color": 0,
			"children": [9]
		},
		10
	]
}