{
	"format_version": "1.21.6",
	"credit": "Made with Blockbench",
	"texture_size": [32, 32],
	"textures": {
		"0": "item/cooked_salmon_3d",
		"2": "item/plated_food/plate_3d",
		"particle": "item/cooked_salmon"
	},
	"elements": [
		{
			"name": "tail",
			"from": [6.60983, 2.125, 14],
			"to": [10.35983, 2.125, 18.5],
			"rotation": {"angle": 0, "axis": "y", "origin": [10.35983, 2.125, 8]},
			"faces": {
				"north": {"uv": [13, 8, 13, 10.5], "rotation": 90, "texture": "#0"},
				"east": {"uv": [13, 5, 13, 8], "rotation": 270, "texture": "#0"},
				"south": {"uv": [16, 8, 16, 10.5], "rotation": 270, "texture": "#0"},
				"west": {"uv": [13, 8, 13, 5], "rotation": 270, "texture": "#0"},
				"up": {"uv": [16, 8, 13, 10.5], "rotation": 270, "texture": "#0"},
				"down": {"uv": [13, 8, 16, 10.5], "rotation": 270, "texture": "#0"}
			}
		},
		{
			"name": "head",
			"from": [6.98483, 1.375, -0.25],
			"to": [9.98483, 2.875, 2],
			"rotation": {"angle": 0, "axis": "y", "origin": [10.35983, 2.125, 8]},
			"faces": {
				"north": {"uv": [12.5, 1.5, 13.5, 3.5], "rotation": 90, "texture": "#0"},
				"east": {"uv": [14.5, 0, 13.5, 1.5], "rotation": 270, "texture": "#0"},
				"west": {"uv": [13.5, 1.5, 12.5, 0], "rotation": 270, "texture": "#0"},
				"up": {"uv": [11, 1.5, 12.5, 3.5], "rotation": 270, "texture": "#0"},
				"down": {"uv": [13.5, 1.5, 15, 3.5], "rotation": 270, "texture": "#0"}
			}
		},
		{
			"name": "body_front",
			"from": [6.60983, 1, 2],
			"to": [10.35983, 3.25, 8],
			"rotation": {"angle": 0, "axis": "y", "origin": [10.35983, 2.125, 8]},
			"faces": {
				"north": {"uv": [4, 4, 5.5, 6.5], "rotation": 90, "texture": "#0"},
				"east": {"uv": [7, 0, 5.5, 4], "rotation": 270, "texture": "#0"},
				"west": {"uv": [5.5, 4, 4, 0], "rotation": 270, "texture": "#0"},
				"up": {"uv": [0, 4, 4, 6.5], "rotation": 270, "texture": "#0"},
				"down": {"uv": [5.5, 4, 9.5, 6.5], "rotation": 270, "texture": "#0"}
			}
		},
		{
			"name": "body_back",
			"from": [6.60983, 1, 8],
			"to": [10.35983, 3.25, 14],
			"rotation": {"angle": 0, "axis": "y", "origin": [10.35983, 2.125, 8]},
			"faces": {
				"east": {"uv": [7, 6.5, 5.5, 10.5], "rotation": 270, "texture": "#0"},
				"south": {"uv": [9.5, 10.5, 11, 13], "rotation": 270, "texture": "#0"},
				"west": {"uv": [5.5, 10.5, 4, 6.5], "rotation": 270, "texture": "#0"},
				"up": {"uv": [0, 10.5, 4, 13], "rotation": 270, "texture": "#0"},
				"down": {"uv": [5.5, 10.5, 9.5, 13], "rotation": 270, "texture": "#0"}
			}
		},
		{
			"name": "fin_right",
			"from": [8.95083, 4.84099, 2],
			"to": [8.95083, 6.34099, 3.5],
			"rotation": {"angle": -45, "axis": "z", "origin": [7.35983, 3.25, 1.75]},
			"faces": {
				"north": {"uv": [-1, 1, 0, 1], "rotation": 90, "texture": "#0"},
				"east": {"uv": [1, 0, 0, 1], "rotation": 270, "texture": "#0"},
				"south": {"uv": [1, 1, 2, 1], "rotation": 270, "texture": "#0"},
				"west": {"uv": [1, 1, 0, 0], "rotation": 270, "texture": "#0"},
				"up": {"uv": [-2, 1, -1, 1], "rotation": 270, "texture": "#0"},
				"down": {"uv": [0, 1, 1, 1], "rotation": 270, "texture": "#0"}
			}
		},
		{
			"name": "fin_back_1",
			"from": [5.10983, 2.125, 5.75],
			"to": [6.60983, 2.125, 8],
			"rotation": {"angle": 0, "axis": "y", "origin": [10.35983, 2.125, 8]},
			"faces": {
				"north": {"uv": [2.5, 2, 2.5, 3], "rotation": 90, "texture": "#0"},
				"east": {"uv": [2.5, 0.5, 2.5, 2], "rotation": 270, "texture": "#0"},
				"south": {"uv": [4, 2, 4, 3], "rotation": 270, "texture": "#0"},
				"west": {"uv": [2.5, 2, 2.5, 0.5], "rotation": 270, "texture": "#0"},
				"up": {"uv": [4, 2, 2.5, 3], "rotation": 270, "texture": "#0"},
				"down": {"uv": [2.5, 2, 4, 3], "rotation": 270, "texture": "#0"}
			}
		},
		{
			"name": "fin_back_2",
			"from": [5.10983, 2.125, 7.25],
			"to": [6.60983, 2.125, 10.25],
			"rotation": {"angle": 0, "axis": "y", "origin": [10.35983, 2.125, 8]},
			"faces": {
				"north": {"uv": [2, 3, 2, 4], "rotation": 90, "texture": "#0"},
				"east": {"uv": [2, 1, 2, 3], "rotation": 270, "texture": "#0"},
				"south": {"uv": [4, 3, 4, 4], "rotation": 270, "texture": "#0"},
				"west": {"uv": [2, 3, 2, 1], "rotation": 270, "texture": "#0"},
				"up": {"uv": [4, 3, 2, 4], "rotation": 270, "texture": "#0"},
				"down": {"uv": [2, 3, 4, 4], "rotation": 270, "texture": "#0"}
			}
		},
		{
			"name": "plate",
			"from": [2, 0, 2],
			"to": [14, 1, 14],
			"rotation": {"angle": 0, "axis": "y", "origin": [2, 0, 2]},
			"faces": {
				"north": {"uv": [0, 6, 6, 6.5], "texture": "#2"},
				"east": {"uv": [6, 0, 12, 0.5], "texture": "#2"},
				"south": {"uv": [6, 0.5, 12, 1], "texture": "#2"},
				"west": {"uv": [6, 1, 12, 1.5], "texture": "#2"},
				"up": {"uv": [6, 6, 0, 0], "texture": "#2"},
				"down": {"uv": [6, 1.5, 12, 7.5], "texture": "#2"}
			}
		}
	],
	"display": {
		"thirdperson_righthand": {
			"rotation": [70, 45, 0],
			"translation": [0, 4.5, 2.5],
			"scale": [0.5, 0.5, 0.5]
		},
		"thirdperson_lefthand": {
			"rotation": [70, 45, 0],
			"translation": [0, 4.5, 2.5],
			"scale": [0.5, 0.5, 0.5]
		},
		"firstperson_righthand": {
			"rotation": [0, -128, 0],
			"translation": [0, 6.5, 1.5],
			"scale": [0.6, 0.6, 0.6]
		},
		"firstperson_lefthand": {
			"rotation": [0, -128, 0],
			"translation": [0, 6.5, 1.5],
			"scale": [0.6, 0.6, 0.6]
		},
		"ground": {
			"translation": [0, 4.25, 0],
			"scale": [0.75, 0.75, 0.75]
		},
		"gui": {
			"rotation": [30, -45, 0],
			"translation": [0, 1.75, 0],
			"scale": [0.8, 0.8, 0.8]
		},
		"head": {
			"translation": [0, 14.4, 0]
		},
		"fixed": {
			"rotation": [-90, 90, 0],
			"translation": [0, 0, -14.08],
			"scale": [2.01, 2.01, 2.01]
		}
	},
	"groups": [
		{
			"name": "cooked_salmon",
			"origin": [8.5795, 2.5, 6.125],
			"color": 0,
			"children": [
				{
					"name": "tail",
					"origin": [8.5795, 2.5, 6.125],
					"color": 0,
					"children": [0]
				},
				{
					"name": "head",
					"origin": [8.5795, 2.5, -9.875],
					"color": 0,
					"children": [1]
				},
				{
					"name": "body_front",
					"origin": [8.5795, 2.5, -9.875],
					"color": 0,
					"children": [2]
				},
				{
					"name": "body_back",
					"origin": [8.5795, 2.5, -1.875],
					"color": 0,
					"children": [3]
				},
				{
					"name": "fin_right",
					"origin": [10.0795, 1, -9.875],
					"rotation": [0, 0, -45],
					"color": 0,
					"children": [4]
				},
				{
					"name": "fin_back_1",
					"origin": [8.5795, 7, -4.875],
					"color": 0,
					"children": [5]
				},
				{
					"name": "fin_back_2",
					"origin": [8.5795, 7, -2.875],
					"color": 0,
					"children": [6]
				}
			]
		},
		7
	]
}