{
	"format_version": "1.21.6",
	"credit": "Made with Blockbench",
	"textures": {
		"0": "item/bowl_3d",
		"1": "item/mushroom_stew_3d",
		"4": "item/rabbit_stew_chunks_3d",
		"5": "item/plated_food/plate_3d",
		"particle": "item/food_particles/rabbit_stew"
	},
	"elements": [
		{
			"name": "bottom",
			"from": [5, 1, 5],
			"to": [11, 2, 11],
			"rotation": {"angle": 0, "axis": "y", "origin": [-1, 1, -1]},
			"faces": {
				"north": {"uv": [0.5, 8, 3.5, 8.5], "texture": "#0"},
				"east": {"uv": [3.5, 8, 6.5, 8.5], "texture": "#0"},
				"south": {"uv": [8, 4, 11, 4.5], "texture": "#0"},
				"west": {"uv": [8, 4.5, 11, 5], "texture": "#0"},
				"up": {"uv": [3, 3, 0, 0], "texture": "#0"},
				"down": {"uv": [3, 3, 0, 6], "texture": "#0"}
			}
		},
		{
			"name": "side1",
			"from": [5, 1, 4],
			"to": [12, 4, 5],
			"rotation": {"angle": 0, "axis": "y", "origin": [11, 1, 5]},
			"faces": {
				"north": {"uv": [6.5, 1.5, 10, 3], "texture": "#0"},
				"east": {"uv": [8, 8, 8.5, 9.5], "texture": "#0"},
				"south": {"uv": [3, 1.5, 6.5, 3], "texture": "#0"},
				"up": {"uv": [10, 3.5, 6.5, 3], "texture": "#0"},
				"down": {"uv": [10, 3.5, 6.5, 4], "texture": "#0"}
			}
		},
		{
			"name": "side2",
			"from": [11, 1, 5],
			"to": [12, 4, 12],
			"rotation": {"angle": 0, "axis": "y", "origin": [11, 1, 5]},
			"faces": {
				"east": {"uv": [6.5, 1.5, 10, 3], "texture": "#0"},
				"south": {"uv": [8, 8, 8.5, 9.5], "texture": "#0"},
				"west": {"uv": [3, 4.5, 6.5, 6], "texture": "#0"},
				"up": {"uv": [7.5, 7.5, 7, 4], "texture": "#0"},
				"down": {"uv": [0.5, 7.5, 0, 11], "texture": "#0"}
			}
		},
		{
			"name": "side3",
			"from": [4, 1, 11],
			"to": [11, 4, 12],
			"rotation": {"angle": 0, "axis": "y", "origin": [11, 1, 5]},
			"faces": {
				"north": {"uv": [0, 6, 3.5, 7.5], "texture": "#0"},
				"south": {"uv": [6.5, 1.5, 10, 3], "texture": "#0"},
				"west": {"uv": [8, 8, 8.5, 9.5], "texture": "#0"},
				"up": {"uv": [4, 8, 0.5, 7.5], "texture": "#0"},
				"down": {"uv": [7.5, 7.5, 4, 8], "texture": "#0"}
			}
		},
		{
			"name": "side4",
			"from": [4, 1, 4],
			"to": [5, 4, 11],
			"rotation": {"angle": 0, "axis": "y", "origin": [11, 1, 5]},
			"faces": {
				"north": {"uv": [8, 8, 8.5, 9.5], "texture": "#0"},
				"east": {"uv": [6.5, 0, 10, 1.5], "texture": "#0"},
				"west": {"uv": [6.5, 1.5, 10, 3], "texture": "#0"},
				"up": {"uv": [8, 7.5, 7.5, 4], "texture": "#0"},
				"down": {"uv": [8, 7.5, 7.5, 11], "texture": "#0"}
			}
		},
		{
			"name": "soup",
			"from": [5, 1.5, 5],
			"to": [11, 3.5, 11],
			"rotation": {"angle": 0, "axis": "y", "origin": [9, 2, 4]},
			"faces": {
				"up": {"uv": [6, 6, 0, 0], "texture": "#1"}
			}
		},
		{
			"name": "chunk1",
			"from": [7, 2, 9],
			"to": [9, 5, 11],
			"rotation": {"angle": 22.5, "axis": "x", "origin": [8, 4.5, 10]},
			"faces": {
				"north": {"uv": [0, 0, 2, 3], "texture": "#4"},
				"east": {"uv": [2, 0, 4, 3], "texture": "#4"},
				"south": {"uv": [0, 3, 2, 6], "texture": "#4"},
				"west": {"uv": [2, 3, 4, 6], "texture": "#4"},
				"up": {"uv": [6, 2, 4, 0], "texture": "#4"},
				"down": {"uv": [6, 2, 4, 4], "texture": "#4"}
			}
		},
		{
			"name": "chunk2",
			"from": [9, 2, 6],
			"to": [10, 4, 7],
			"rotation": {"angle": 22.5, "axis": "y", "origin": [9, 4.5, 6]},
			"faces": {
				"north": {"uv": [6, 0, 7, 2], "texture": "#4"},
				"east": {"uv": [2, 6, 3, 8], "texture": "#4"},
				"south": {"uv": [6, 2, 7, 4], "texture": "#4"},
				"west": {"uv": [3, 6, 4, 8], "texture": "#4"},
				"up": {"uv": [8, 7, 7, 6], "texture": "#4"}
			}
		},
		{
			"name": "chunk3",
			"from": [6, 1.75, 6],
			"to": [7, 3.75, 8],
			"rotation": {"angle": 22.5, "axis": "z", "origin": [6.5, 2.75, 7]},
			"faces": {
				"north": {"uv": [4, 6, 5, 8], "texture": "#4"},
				"east": {"uv": [4, 4, 6, 6], "texture": "#4"},
				"south": {"uv": [6, 4, 7, 6], "texture": "#4"},
				"west": {"uv": [0, 6, 2, 8], "texture": "#4"},
				"up": {"uv": [6, 8, 5, 6], "texture": "#4"}
			}
		},
		{
			"name": "chunk4",
			"from": [7.5, 5, 9.5],
			"to": [8.5, 6, 10.5],
			"rotation": {"angle": 22.5, "axis": "x", "origin": [8, 4.5, 10]},
			"faces": {
				"north": {"uv": [7, 0, 8, 1], "texture": "#4"},
				"east": {"uv": [7, 1, 8, 2], "texture": "#4"},
				"south": {"uv": [7, 2, 8, 3], "texture": "#4"},
				"west": {"uv": [7, 3, 8, 4], "texture": "#4"},
				"up": {"uv": [8, 5, 7, 4], "texture": "#4"}
			}
		},
		{
			"name": "plate",
			"from": [2, 0, 2],
			"to": [14, 1, 14],
			"rotation": {"angle": 0, "axis": "y", "origin": [2, 0, 2]},
			"faces": {
				"north": {"uv": [0, 6, 6, 6.5], "texture": "#5"},
				"east": {"uv": [6, 0, 12, 0.5], "texture": "#5"},
				"south": {"uv": [6, 0.5, 12, 1], "texture": "#5"},
				"west": {"uv": [6, 1, 12, 1.5], "texture": "#5"},
				"up": {"uv": [6, 6, 0, 0], "texture": "#5"},
				"down": {"uv": [6, 1.5, 12, 7.5], "texture": "#5"}
			}
		}
	],
	"display": {
		"thirdperson_righthand": {
			"rotation": [70, 45, 0],
			"translation": [0, 4.5, 2.5],
			"scale": [0.5, 0.5, 0.5]
		},
		"thirdperson_lefthand": {
			"rotation": [70, 45, 0],
			"translation": [0, 4.5, 2.5],
			"scale": [0.5, 0.5, 0.5]
		},
		"firstperson_righthand": {
			"rotation": [0, -128, 0],
			"translation": [0, 6.5, 1.5],
			"scale": [0.6, 0.6, 0.6]
		},
		"firstperson_lefthand": {
			"rotation": [0, -128, 0],
			"translation": [0, 6.5, 1.5],
			"scale": [0.6, 0.6, 0.6]
		},
		"ground": {
			"translation": [0, 4.25, 0],
			"scale": [0.75, 0.75, 0.75]
		},
		"gui": {
			"rotation": [30, 45, 0],
			"translation": [0, 1.75, 0],
			"scale": [0.8, 0.8, 0.8]
		},
		"head": {
			"translation": [0, 14.4, 0]
		},
		"fixed": {
			"rotation": [-90, 90, 0],
			"translation": [0, 0, -14.08],
			"scale": [2.01, 2.01, 2.01]
		}
	},
	"groups": [
		{
			"name": "mushroom_stew",
			"origin": [11, 0, 5],
			"color": 0,
			"children": [
				{
					"name": "bowl",
					"origin": [11, 0, 5],
					"color": 0,
					"children": [0, 1, 2, 3, 4]
				},
				{
					"name": "mushroom_stew_content",
					"origin": [10, 2, 0],
					"color": 0,
					"children": [5]
				}
			]
		},
		{
			"name": "rabbit_chunks",
			"origin": [8, 3.5, 10],
			"color": 0,
			"children": [6, 7, 8, 9]
		},
		10
	]
}