{
	"format_version": "1.21.6",
	"credit": "Made with Blockbench",
	"texture_size": [32, 32],
	"textures": {
		"0": "item/melon_slice_3d",
		"2": "item/plated_food/plate_3d",
		"particle": "item/food_particles/melon_slice"
	},
	"elements": [
		{
			"name": "pulp",
			"from": [5.5, 1.25, 4.5],
			"to": [9.5, 2.75, 11.5],
			"rotation": {"angle": 0, "axis": "y", "origin": [9, 2, 8]},
			"faces": {
				"west": {"uv": [4.5, 3.5, 3.5, 0], "rotation": 270, "texture": "#0"},
				"up": {"uv": [0, 0, 3.5, 2], "rotation": 270, "texture": "#0"},
				"down": {"uv": [0, 2, 3.5, 4], "rotation": 270, "texture": "#0"}
			}
		},
		{
			"name": "rind3",
			"from": [5.5, 1, 11.5],
			"to": [10.5, 3, 12.5],
			"rotation": {"angle": 0, "axis": "y", "origin": [9, 2, 8]},
			"faces": {
				"north": {"uv": [4.5, 2.5, 5.5, 5], "rotation": 90, "texture": "#0"},
				"east": {"uv": [7.5, 5.5, 6.5, 6], "rotation": 270, "texture": "#0"},
				"south": {"uv": [4.5, 5, 5.5, 7.5], "rotation": 270, "texture": "#0"},
				"west": {"uv": [7.5, 5.5, 6.5, 5], "rotation": 270, "texture": "#0"},
				"up": {"uv": [6, 5, 6.5, 7.5], "rotation": 270, "texture": "#0"},
				"down": {"uv": [6.5, 0, 7, 2.5], "rotation": 270, "texture": "#0"}
			}
		},
		{
			"name": "rind1",
			"from": [9.5, 1, 4.5],
			"to": [10.5, 3, 11.5],
			"rotation": {"angle": 0, "axis": "y", "origin": [9, 2, 8]},
			"faces": {
				"east": {"uv": [2, 4.5, 1, 7.5], "rotation": 270, "texture": "#0"},
				"west": {"uv": [1, 7.5, 0, 4.5], "rotation": 270, "texture": "#0"},
				"up": {"uv": [5.5, 4, 8.5, 4.5], "rotation": 270, "texture": "#0"},
				"down": {"uv": [5.5, 4.5, 8.5, 5], "rotation": 270, "texture": "#0"}
			}
		},
		{
			"name": "rind2",
			"from": [5.5, 1, 3.5],
			"to": [10.5, 3, 4.5],
			"rotation": {"angle": 0, "axis": "y", "origin": [9, 2, 8]},
			"faces": {
				"north": {"uv": [2, 4, 3, 6.5], "rotation": 90, "texture": "#0"},
				"east": {"uv": [7.5, 3.5, 6.5, 4], "rotation": 270, "texture": "#0"},
				"south": {"uv": [4.5, 0, 5.5, 2.5], "rotation": 270, "texture": "#0"},
				"west": {"uv": [7.5, 3.5, 6.5, 3], "rotation": 270, "texture": "#0"},
				"up": {"uv": [3, 4, 3.5, 6.5], "rotation": 270, "texture": "#0"},
				"down": {"uv": [5.5, 5, 6, 7.5], "rotation": 270, "texture": "#0"}
			}
		},
		{
			"name": "plate",
			"from": [2, 0, 2],
			"to": [14, 1, 14],
			"rotation": {"angle": 0, "axis": "y", "origin": [2, 0, 2]},
			"faces": {
				"north": {"uv": [0, 6, 6, 6.5], "texture": "#2"},
				"east": {"uv": [6, 0, 12, 0.5], "texture": "#2"},
				"south": {"uv": [6, 0.5, 12, 1], "texture": "#2"},
				"west": {"uv": [6, 1, 12, 1.5], "texture": "#2"},
				"up": {"uv": [6, 6, 0, 0], "texture": "#2"},
				"down": {"uv": [6, 1.5, 12, 7.5], "texture": "#2"}
			}
		}
	],
	"display": {
		"thirdperson_righthand": {
			"rotation": [70, 45, 0],
			"translation": [0, 4.5, 2.5],
			"scale": [0.5, 0.5, 0.5]
		},
		"thirdperson_lefthand": {
			"rotation": [70, 45, 0],
			"translation": [0, 4.5, 2.5],
			"scale": [0.5, 0.5, 0.5]
		},
		"firstperson_righthand": {
			"rotation": [0, -128, 0],
			"translation": [0, 6.5, 1.5],
			"scale": [0.6, 0.6, 0.6]
		},
		"firstperson_lefthand": {
			"rotation": [0, -128, 0],
			"translation": [0, 6.5, 1.5],
			"scale": [0.6, 0.6, 0.6]
		},
		"ground": {
			"translation": [0, 4.25, 0],
			"scale": [0.75, 0.75, 0.75]
		},
		"gui": {
			"rotation": [30, 45, 0],
			"translation": [0, 1.75, 0],
			"scale": [0.8, 0.8, 0.8]
		},
		"head": {
			"translation": [0, 14.4, 0]
		},
		"fixed": {
			"rotation": [-90, 90, 0],
			"translation": [0, 0, -14.08],
			"scale": [2.01, 2.01, 2.01]
		}
	},
	"groups": [
		{
			"name": "melon_slice",
			"origin": [1.75, 0, 9.5],
			"color": 0,
			"children": [
				{
					"name": "pulp",
					"origin": [5.75, 0, 8.5],
					"color": 0,
					"children": [0]
				},
				{
					"name": "rind",
					"origin": [5.75, 0, 8.5],
					"color": 0,
					"children": [1, 2, 3]
				}
			]
		},
		4
	]
}