{
	"format_version": "1.21.6",
	"credit": "Made with Blockbench",
	"texture_size": [32, 32],
	"textures": {
		"0": "item/beetroot_3d",
		"2": "item/plated_food/plate_3d",
		"particle": "item/beetroot"
	},
	"elements": [
		{
			"name": "stem1",
			"from": [6.12493, 2.87493, 2.74993],
			"to": [9.87507, 2.87508, 5.75008],
			"rotation": {"angle": -45, "axis": "z", "origin": [8, 2.875, 4.25]},
			"faces": {
				"up": {"uv": [7.5, 4, 10, 2], "rotation": 180, "texture": "#0"},
				"down": {"uv": [7.5, 2, 10, 0], "texture": "#0"}
			}
		},
		{
			"name": "stem2",
			"from": [6.12493, 2.87493, 2.74993],
			"to": [9.87507, 2.87508, 5.75008],
			"rotation": {"angle": 45, "axis": "z", "origin": [8, 2.875, 4.25]},
			"faces": {
				"up": {"uv": [7.5, 2, 10, 0], "rotation": 180, "texture": "#0"},
				"down": {"uv": [7.5, 4, 10, 2], "texture": "#0"}
			}
		},
		{
			"name": "bulb1",
			"from": [6.125, 1, 5.75],
			"to": [9.875, 4.75, 9.5],
			"rotation": {"angle": 0, "axis": "y", "origin": [0.875, 10, 9.5]},
			"faces": {
				"north": {"uv": [0, 7.5, 2.5, 5], "texture": "#0"},
				"east": {"uv": [0, 5, 2.5, 2.5], "rotation": 270, "texture": "#0"},
				"south": {"uv": [5, 0, 7.5, 2.5], "rotation": 180, "texture": "#0"},
				"west": {"uv": [2.5, 5, 5, 2.5], "rotation": 90, "texture": "#0"},
				"up": {"uv": [0, 2.5, 2.5, 0], "rotation": 180, "texture": "#0"},
				"down": {"uv": [2.5, 2.5, 5, 0], "texture": "#0"}
			}
		},
		{
			"name": "bulb2",
			"from": [6.5, 1.375, 9.5],
			"to": [9.5, 4.375, 10.25],
			"rotation": {"angle": 0, "axis": "y", "origin": [0.875, 10, 10.25]},
			"faces": {
				"east": {"uv": [7.5, 6, 9.5, 5.5], "rotation": 270, "texture": "#0"},
				"south": {"uv": [9.5, 6, 11.5, 8], "rotation": 180, "texture": "#0"},
				"west": {"uv": [7.5, 5, 9.5, 4.5], "rotation": 90, "texture": "#0"},
				"up": {"uv": [7.5, 7, 9.5, 6.5], "rotation": 180, "texture": "#0"},
				"down": {"uv": [7.5, 8, 9.5, 7.5], "texture": "#0"}
			}
		},
		{
			"name": "root",
			"from": [6.12493, 2.87493, 10.24993],
			"to": [9.87507, 2.87508, 13.25008],
			"rotation": {"angle": 0, "axis": "y", "origin": [7.25, 2.875, 11.75]},
			"faces": {
				"up": {"uv": [2.5, 7, 5, 5], "rotation": 180, "texture": "#0"},
				"down": {"uv": [5, 7, 7.5, 5], "texture": "#0"}
			}
		},
		{
			"name": "plate",
			"from": [2, 0, 2],
			"to": [14, 1, 14],
			"rotation": {"angle": 0, "axis": "y", "origin": [2, 0, 2]},
			"faces": {
				"north": {"uv": [0, 6, 6, 6.5], "texture": "#2"},
				"east": {"uv": [6, 0, 12, 0.5], "texture": "#2"},
				"south": {"uv": [6, 0.5, 12, 1], "texture": "#2"},
				"west": {"uv": [6, 1, 12, 1.5], "texture": "#2"},
				"up": {"uv": [6, 6, 0, 0], "texture": "#2"},
				"down": {"uv": [6, 1.5, 12, 7.5], "texture": "#2"}
			}
		}
	],
	"display": {
		"thirdperson_righthand": {
			"rotation": [70, 45, 0],
			"translation": [0, 4.5, 2.5],
			"scale": [0.5, 0.5, 0.5]
		},
		"thirdperson_lefthand": {
			"rotation": [70, 45, 0],
			"translation": [0, 4.5, 2.5],
			"scale": [0.5, 0.5, 0.5]
		},
		"firstperson_righthand": {
			"rotation": [0, -128, 0],
			"translation": [0, 6.5, 1.5],
			"scale": [0.6, 0.6, 0.6]
		},
		"firstperson_lefthand": {
			"rotation": [0, -128, 0],
			"translation": [0, 6.5, 1.5],
			"scale": [0.6, 0.6, 0.6]
		},
		"ground": {
			"translation": [0, 4.25, 0],
			"scale": [0.75, 0.75, 0.75]
		},
		"gui": {
			"rotation": [30, -45, 0],
			"translation": [0, 1.75, 0],
			"scale": [0.8, 0.8, 0.8]
		},
		"head": {
			"translation": [0, 14.4, 0]
		},
		"fixed": {
			"rotation": [-90, 90, 0],
			"translation": [0, 0, -14.08],
			"scale": [2.01, 2.01, 2.01]
		}
	},
	"groups": [
		{
			"name": "beetroot",
			"origin": [12.625, 12, 12.25],
			"color": 0,
			"children": [
				{
					"name": "stem",
					"origin": [12.625, 12, 12.25],
					"color": 0,
					"children": [0, 1]
				},
				{
					"name": "bulb",
					"origin": [3.125, 4, 2.75],
					"color": 0,
					"children": [2, 3]
				},
				{
					"name": "root",
					"origin": [11.625, 2, 12.25],
					"color": 0,
					"children": [4]
				}
			]
		},
		5
	]
}