{
	"format_version": "1.21.6",
	"credit": "Made with Blockbench",
	"texture_size": [32, 32],
	"textures": {
		"1": "item/tropical_fish_3d",
		"2": "item/plated_food/plate_3d",
		"particle": "item/tropical_fish"
	},
	"elements": [
		{
			"name": "tail",
			"from": [7, 2, 9.5],
			"to": [10, 2, 13.5],
			"rotation": {"angle": 0, "axis": "y", "origin": [10, 2, 6.5]},
			"faces": {
				"north": {"uv": [14, 0, 14, 1.5], "rotation": 90, "texture": "#1"},
				"east": {"uv": [14, -2, 14, 0], "rotation": 270, "texture": "#1"},
				"south": {"uv": [16, 0, 16, 1.5], "rotation": 270, "texture": "#1"},
				"west": {"uv": [14, 0, 14, -2], "rotation": 270, "texture": "#1"},
				"up": {"uv": [12, 0, 14, 1.5], "rotation": 270, "texture": "#1"},
				"down": {"uv": [14, 0, 16, 1.5], "rotation": 270, "texture": "#1"}
			}
		},
		{
			"name": "body",
			"from": [7, 1, 3.5],
			"to": [10, 3, 9.5],
			"rotation": {"angle": 0, "axis": "y", "origin": [10, 2, 6.5]},
			"faces": {
				"north": {"uv": [3, 3, 4, 4.5], "rotation": 90, "texture": "#1"},
				"east": {"uv": [5, 0, 4, 3], "rotation": 270, "texture": "#1"},
				"south": {"uv": [7, 3, 8, 4.5], "rotation": 270, "texture": "#1"},
				"west": {"uv": [4, 3, 3, 0], "rotation": 270, "texture": "#1"},
				"up": {"uv": [0, 3, 3, 4.5], "rotation": 270, "texture": "#1"},
				"down": {"uv": [4, 3, 7, 4.5], "rotation": 270, "texture": "#1"}
			}
		},
		{
			"name": "right_fin",
			"from": [8, 2.70711, 5.79289],
			"to": [10, 4.70711, 5.79289],
			"rotation": {"angle": 45, "axis": "x", "origin": [8, 2, 6.5]},
			"faces": {
				"north": {"uv": [1, 8, 2, 9], "rotation": 90, "texture": "#1"},
				"east": {"uv": [3, 8, 2, 8], "rotation": 270, "texture": "#1"},
				"south": {"uv": [1, 6, 2, 7], "rotation": 270, "texture": "#1"},
				"west": {"uv": [2, 8, 1, 8], "rotation": 270, "texture": "#1"},
				"up": {"uv": [1, 8, 1, 9], "rotation": 270, "texture": "#1"},
				"down": {"uv": [2, 8, 2, 9], "rotation": 270, "texture": "#1"}
			}
		},
		{
			"name": "fin_top",
			"from": [3, 2, 3.5],
			"to": [7, 2, 9.5],
			"rotation": {"angle": 0, "axis": "y", "origin": [10, 2, 6.5]},
			"faces": {
				"north": {"uv": [8, 0, 8, 2], "rotation": 90, "texture": "#1"},
				"east": {"uv": [8, -3, 8, 0], "rotation": 270, "texture": "#1"},
				"south": {"uv": [11, 0, 11, 2], "rotation": 270, "texture": "#1"},
				"west": {"uv": [8, 0, 8, -3], "rotation": 270, "texture": "#1"},
				"up": {"uv": [5, 0, 8, 2], "rotation": 270, "texture": "#1"},
				"down": {"uv": [8, 0, 11, 2], "rotation": 270, "texture": "#1"}
			}
		},
		{
			"name": "plate",
			"from": [2, 0, 2],
			"to": [14, 1, 14],
			"rotation": {"angle": 0, "axis": "y", "origin": [2, 0, 2]},
			"faces": {
				"north": {"uv": [0, 6, 6, 6.5], "texture": "#2"},
				"east": {"uv": [6, 0, 12, 0.5], "texture": "#2"},
				"south": {"uv": [6, 0.5, 12, 1], "texture": "#2"},
				"west": {"uv": [6, 1, 12, 1.5], "texture": "#2"},
				"up": {"uv": [6, 6, 0, 0], "texture": "#2"},
				"down": {"uv": [6, 1.5, 12, 7.5], "texture": "#2"}
			}
		}
	],
	"display": {
		"thirdperson_righthand": {
			"rotation": [70, 45, 0],
			"translation": [0, 4.5, 2.5],
			"scale": [0.5, 0.5, 0.5]
		},
		"thirdperson_lefthand": {
			"rotation": [70, 45, 0],
			"translation": [0, 4.5, 2.5],
			"scale": [0.5, 0.5, 0.5]
		},
		"firstperson_righthand": {
			"rotation": [0, -128, 0],
			"translation": [0, 6.5, 1.5],
			"scale": [0.6, 0.6, 0.6]
		},
		"firstperson_lefthand": {
			"rotation": [0, -128, 0],
			"translation": [0, 6.5, 1.5],
			"scale": [0.6, 0.6, 0.6]
		},
		"ground": {
			"translation": [0, 4.25, 0],
			"scale": [0.75, 0.75, 0.75]
		},
		"gui": {
			"rotation": [30, -45, 0],
			"translation": [0, 1.75, 0],
			"scale": [0.8, 0.8, 0.8]
		},
		"head": {
			"translation": [0, 14.4, 0]
		},
		"fixed": {
			"rotation": [-90, 90, 0],
			"translation": [0, 0, -14.08],
			"scale": [2.01, 2.01, 2.01]
		}
	},
	"groups": [
		{
			"name": "group",
			"origin": [0, 1.5, 3],
			"color": 0,
			"children": [
				{
					"name": "tail",
					"origin": [0, 1.5, 3],
					"color": 0,
					"children": [0]
				},
				{
					"name": "body",
					"origin": [0, 1.5, 0],
					"color": 0,
					"children": [
						1,
						{
							"name": "right_fin",
							"origin": [1, 0, 0],
							"rotation": [0, -45, 0],
							"color": 0,
							"children": [2]
						}
					]
				},
				{
					"name": "fin_top",
					"origin": [0, 3, -3],
					"color": 0,
					"children": [3]
				}
			]
		},
		4
	]
}