{
	"format_version": "1.21.6",
	"credit": "Made with Blockbench",
	"texture_size": [32, 32],
	"textures": {
		"0": "item/glow_berries_3d",
		"2": "item/plated_food/plate_3d",
		"particle": "item/food_particles/glow_berries"
	},
	"elements": [
		{
			"name": "big_berry",
			"from": [9.6865, 4.374, 7.34942],
			"to": [6.3135, 1.001, 3.97642],
			"light_emission": 15,
			"rotation": {"angle": 0, "axis": "y", "origin": [9.5, 4.1875, 7.31292]},
			"faces": {
				"north": {"uv": [8.5, 0, 9, 0.5], "texture": "#0"},
				"east": {"uv": [8.5, 0, 9, 0.5], "texture": "#0"},
				"south": {"uv": [8.5, 0, 9, 0.5], "texture": "#0"},
				"west": {"uv": [8.5, 0, 9, 0.5], "texture": "#0"},
				"up": {"uv": [8.5, 0, 9, 0.5], "texture": "#0"},
				"down": {"uv": [8.5, 0, 9, 0.5], "texture": "#0"}
			}
		},
		{
			"name": "small_berry",
			"from": [9.3125, 5.06477, 10.40561],
			"to": [6.6875, 2.43977, 7.78061],
			"light_emission": 15,
			"rotation": {"angle": -22.5, "axis": "x", "origin": [8.75, 4.87727, 10.78061]},
			"faces": {
				"north": {"uv": [8.5, 0, 9, 0.5], "texture": "#0"},
				"east": {"uv": [8.5, 0, 9, 0.5], "texture": "#0"},
				"south": {"uv": [8.5, 0, 9, 0.5], "texture": "#0"},
				"west": {"uv": [8.5, 0, 9, 0.5], "texture": "#0"},
				"up": {"uv": [8.5, 0, 9, 0.5], "texture": "#0"},
				"down": {"uv": [8.5, 0, 9, 0.5], "texture": "#0"}
			}
		},
		{
			"name": "small_berry",
			"from": [6.875, 1.9375, 9.00042],
			"to": [9.125, 4.1875, 11.25042],
			"light_emission": 15,
			"rotation": {"angle": -22.5, "axis": "x", "origin": [6.5, 1.9375, 9.56292]},
			"faces": {
				"north": {"uv": [3.5, 4, 5, 5.5], "texture": "#0"},
				"east": {"uv": [5, 4, 6.5, 5.5], "texture": "#0"},
				"south": {"uv": [5.5, 2, 7, 3.5], "texture": "#0"},
				"west": {"uv": [3.5, 5.5, 5, 7], "texture": "#0"},
				"up": {"uv": [6.5, 7, 5, 5.5], "texture": "#0"},
				"down": {"uv": [1.5, 6, 0, 7.5], "texture": "#0"}
			}
		},
		{
			"name": "big_berry",
			"from": [6.5, 1.1875, 4.16292],
			"to": [9.5, 4.1875, 7.16292],
			"light_emission": 15,
			"rotation": {"angle": 0, "axis": "y", "origin": [6.5, 1.1875, 4.31292]},
			"faces": {
				"north": {"uv": [0, 0, 2, 2], "texture": "#0"},
				"east": {"uv": [0, 2, 2, 4], "texture": "#0"},
				"south": {"uv": [2, 0, 4, 2], "texture": "#0"},
				"west": {"uv": [2, 2, 4, 4], "texture": "#0"},
				"up": {"uv": [2, 6, 0, 4], "texture": "#0"},
				"down": {"uv": [6, 0, 4, 2], "texture": "#0"}
			}
		},
		{
			"name": "stem1",
			"from": [7.625, 6.0625, 6.93792],
			"to": [8.375, 7.5625, 7.68792],
			"rotation": {"angle": 22.5, "axis": "x", "origin": [8, 5.82399, 7.22974]},
			"faces": {
				"north": {"uv": [6, 7, 6.5, 8], "texture": "#0"},
				"east": {"uv": [7, 7, 7.5, 8], "texture": "#0"},
				"south": {"uv": [0, 7.5, 0.5, 8.5], "texture": "#0"},
				"west": {"uv": [7.5, 0, 8, 1], "texture": "#0"}
			}
		},
		{
			"name": "stem2",
			"from": [7.62425, 4.18675, 5.06217],
			"to": [8.37575, 7.18825, 5.81367],
			"rotation": {"angle": 45, "axis": "x", "origin": [7.25, 4.1875, 5.06292]},
			"faces": {
				"north": {"uv": [6.5, 3.5, 7, 5.5], "texture": "#0"},
				"east": {"uv": [6.5, 5.5, 7, 7.5], "texture": "#0"},
				"south": {"uv": [7, 2, 7.5, 4], "texture": "#0"},
				"west": {"uv": [3.5, 7, 4, 9], "texture": "#0"},
				"up": {"uv": [8, 3, 7.5, 2.5], "texture": "#0"}
			}
		},
		{
			"name": "stem3",
			"from": [7.62493, 3.6087, 9.00035],
			"to": [8.37507, 7.35885, 9.7505],
			"rotation": {"angle": -45, "axis": "x", "origin": [8, 4.1875, 9.56292]},
			"faces": {
				"north": {"uv": [1.5, 6, 2, 8.5], "texture": "#0"},
				"east": {"uv": [2, 6, 2.5, 8.5], "texture": "#0"},
				"south": {"uv": [2.5, 6, 3, 8.5], "texture": "#0"},
				"west": {"uv": [3, 6, 3.5, 8.5], "texture": "#0"},
				"up": {"uv": [8, 4, 7.5, 3.5], "texture": "#0"}
			}
		},
		{
			"name": "leaf1",
			"from": [7.24993, 7.56243, 6.18785],
			"to": [8.75007, 7.56258, 6.938],
			"rotation": {"angle": 22.5, "axis": "x", "origin": [7.25, 5.82399, 7.22974]},
			"faces": {
				"north": {"uv": [0.5, 7.5, 1.5, 8], "texture": "#0"},
				"east": {"uv": [8, 0.5, 8.5, 1], "texture": "#0"},
				"south": {"uv": [7.5, 1, 8.5, 1.5], "texture": "#0"},
				"west": {"uv": [1, 8, 1.5, 8.5], "texture": "#0"},
				"up": {"uv": [8.5, 2, 7.5, 1.5], "texture": "#0"},
				"down": {"uv": [8.5, 2, 7.5, 2.5], "texture": "#0"}
			}
		},
		{
			"name": "leaf2",
			"from": [6.87493, 7.56243, 6.93785],
			"to": [9.12507, 7.56258, 8.438],
			"rotation": {"angle": 22.5, "axis": "x", "origin": [8, 5.82399, 7.22974]},
			"faces": {
				"north": {"uv": [7, 4.5, 8.5, 5], "texture": "#0"},
				"east": {"uv": [5.5, 3.5, 6.5, 4], "texture": "#0"},
				"south": {"uv": [7, 5, 8.5, 5.5], "texture": "#0"},
				"west": {"uv": [7, 6.5, 8, 7], "texture": "#0"},
				"up": {"uv": [7.5, 1, 6, 0], "texture": "#0"},
				"down": {"uv": [7.5, 1, 6, 2], "texture": "#0"}
			}
		},
		{
			"name": "leaf3",
			"from": [6.87493, 6.96773, 9.01118],
			"to": [9.12507, 6.96789, 12.76133],
			"rotation": {"angle": 45, "axis": "x", "origin": [8, 6.96781, 9.01125]},
			"faces": {
				"up": {"uv": [5.5, 4, 4, 2], "texture": "#0"},
				"down": {"uv": [3.5, 4, 2, 6], "texture": "#0"}
			}
		},
		{
			"name": "plate",
			"from": [2, 0, 2],
			"to": [14, 1, 14],
			"rotation": {"angle": 0, "axis": "y", "origin": [2, 0, 2]},
			"faces": {
				"north": {"uv": [0, 6, 6, 6.5], "texture": "#2"},
				"east": {"uv": [6, 0, 12, 0.5], "texture": "#2"},
				"south": {"uv": [6, 0.5, 12, 1], "texture": "#2"},
				"west": {"uv": [6, 1, 12, 1.5], "texture": "#2"},
				"up": {"uv": [6, 6, 0, 0], "texture": "#2"},
				"down": {"uv": [6, 1.5, 12, 7.5], "texture": "#2"}
			}
		}
	],
	"display": {
		"thirdperson_righthand": {
			"rotation": [70, 45, 0],
			"translation": [0, 4.5, 2.5],
			"scale": [0.5, 0.5, 0.5]
		},
		"thirdperson_lefthand": {
			"rotation": [70, 45, 0],
			"translation": [0, 4.5, 2.5],
			"scale": [0.5, 0.5, 0.5]
		},
		"firstperson_righthand": {
			"rotation": [0, -128, 0],
			"translation": [0, 6.5, 1.5],
			"scale": [0.6, 0.6, 0.6]
		},
		"firstperson_lefthand": {
			"rotation": [0, -128, 0],
			"translation": [0, 6.5, 1.5],
			"scale": [0.6, 0.6, 0.6]
		},
		"ground": {
			"translation": [0, 4.25, 0],
			"scale": [0.75, 0.75, 0.75]
		},
		"gui": {
			"rotation": [30, 45, 0],
			"translation": [0, 1.75, 0],
			"scale": [0.8, 0.8, 0.8]
		},
		"head": {
			"translation": [0, 14.4, 0]
		},
		"fixed": {
			"rotation": [-90, 90, 0],
			"translation": [0, 0, -14.08],
			"scale": [2.01, 2.01, 2.01]
		}
	},
	"groups": [
		{
			"name": "glow_berries",
			"origin": [15.0625, 0, 6.60932],
			"color": 0,
			"children": [
				0,
				1,
				{
					"name": "berries",
					"origin": [15.0625, 0, 6.60932],
					"color": 0,
					"children": [2, 3]
				},
				{
					"name": "stem",
					"origin": [17.0625, 4, 13.60932],
					"color": 0,
					"children": [4, 5, 6]
				},
				{
					"name": "leaf",
					"origin": [17.0625, 5, 16.04464],
					"color": 0,
					"children": [7, 8, 9]
				}
			]
		},
		10
	]
}