{
	"format_version": "1.21.6",
	"credit": "Made with Blockbench",
	"texture_size": [32, 32],
	"textures": {
		"0": "item/carrot_3d",
		"2": "item/plated_food/plate_3d",
		"particle": "item/food_particles/carrot"
	},
	"elements": [
		{
			"name": "leaf1",
			"from": [7.99993, -0.50007, 0.12493],
			"to": [8.00007, 5.50007, 4.62508],
			"rotation": {"angle": -45, "axis": "z", "origin": [8, 2.5, 8]},
			"faces": {
				"east": {"uv": [0, 0, 4, 3], "rotation": 90, "texture": "#0"},
				"west": {"uv": [0, 3, 4, 6], "rotation": 270, "texture": "#0"}
			}
		},
		{
			"name": "leaf2",
			"from": [7.99993, -0.50007, 0.12493],
			"to": [8.00007, 5.50007, 4.62508],
			"rotation": {"angle": 45, "axis": "z", "origin": [8, 2.5, 8]},
			"faces": {
				"east": {"uv": [4, 0, 8, 3], "rotation": 90, "texture": "#0"},
				"west": {"uv": [4, 3, 8, 6], "rotation": 270, "texture": "#0"}
			}
		},
		{
			"name": "tap_root3",
			"from": [7.25, 1.75, 12.875],
			"to": [8.75, 3.25, 14.375],
			"rotation": {"angle": 0, "axis": "y", "origin": [8, 2.5, 8]},
			"faces": {
				"east": {"uv": [4.5, 9.5, 5.5, 10.5], "rotation": 90, "texture": "#0"},
				"south": {"uv": [7.5, 9.5, 6.5, 10.5], "texture": "#0"},
				"west": {"uv": [5.5, 9.5, 6.5, 10.5], "rotation": 270, "texture": "#0"},
				"up": {"uv": [9.5, 5, 10.5, 6], "texture": "#0"},
				"down": {"uv": [9.5, 4, 10.5, 5], "rotation": 180, "texture": "#0"}
			}
		},
		{
			"name": "tap_root1",
			"from": [6.5, 1, 4.625],
			"to": [9.5, 4, 9.875],
			"rotation": {"angle": 0, "axis": "y", "origin": [8, 2.5, 8]},
			"faces": {
				"north": {"uv": [10, 2, 8, 0], "rotation": 180, "texture": "#0"},
				"east": {"uv": [2, 6, 4, 9.5], "rotation": 90, "texture": "#0"},
				"south": {"uv": [10, 2, 8, 4], "texture": "#0"},
				"west": {"uv": [6, 6, 8, 9.5], "rotation": 270, "texture": "#0"},
				"up": {"uv": [4, 6, 6, 9.5], "texture": "#0"},
				"down": {"uv": [0, 6, 2, 9.5], "rotation": 180, "texture": "#0"}
			}
		},
		{
			"name": "tap_root2",
			"from": [6.875, 1.375, 9.875],
			"to": [9.125, 3.625, 12.875],
			"rotation": {"angle": 0, "axis": "y", "origin": [8, 2.5, 8]},
			"faces": {
				"east": {"uv": [8, 6, 9.5, 8], "rotation": 90, "texture": "#0"},
				"south": {"uv": [4.5, 9.5, 3, 11], "texture": "#0"},
				"west": {"uv": [0, 9.5, 1.5, 11.5], "rotation": 270, "texture": "#0"},
				"up": {"uv": [8, 8, 9.5, 10], "texture": "#0"},
				"down": {"uv": [8, 4, 9.5, 6], "rotation": 180, "texture": "#0"}
			}
		},
		{
			"name": "plate",
			"from": [2, 0, 2],
			"to": [14, 1, 14],
			"rotation": {"angle": 0, "axis": "y", "origin": [2, 0, 2]},
			"faces": {
				"north": {"uv": [0, 6, 6, 6.5], "texture": "#2"},
				"east": {"uv": [6, 0, 12, 0.5], "texture": "#2"},
				"south": {"uv": [6, 0.5, 12, 1], "texture": "#2"},
				"west": {"uv": [6, 1, 12, 1.5], "texture": "#2"},
				"up": {"uv": [6, 6, 0, 0], "texture": "#2"},
				"down": {"uv": [6, 1.5, 12, 7.5], "texture": "#2"}
			}
		}
	],
	"display": {
		"thirdperson_righthand": {
			"rotation": [70, 45, 0],
			"translation": [0, 4.5, 2.5],
			"scale": [0.5, 0.5, 0.5]
		},
		"thirdperson_lefthand": {
			"rotation": [70, 45, 0],
			"translation": [0, 4.5, 2.5],
			"scale": [0.5, 0.5, 0.5]
		},
		"firstperson_righthand": {
			"rotation": [0, -128, 0],
			"translation": [0, 6.5, 1.5],
			"scale": [0.6, 0.6, 0.6]
		},
		"firstperson_lefthand": {
			"rotation": [0, -128, 0],
			"translation": [0, 6.5, 1.5],
			"scale": [0.6, 0.6, 0.6]
		},
		"ground": {
			"translation": [0, 4.25, 0],
			"scale": [0.75, 0.75, 0.75]
		},
		"gui": {
			"rotation": [30, 45, 0],
			"translation": [0, 1.75, 0],
			"scale": [0.8, 0.8, 0.8]
		},
		"head": {
			"translation": [0, 14.4, 0]
		},
		"fixed": {
			"rotation": [-90, 90, 0],
			"translation": [0, 0, -14.08],
			"scale": [2.01, 2.01, 2.01]
		}
	},
	"groups": [
		{
			"name": "carrot",
			"origin": [12, 21, 3.375],
			"color": 0,
			"children": [
				{
					"name": "leafs",
					"origin": [12, 21, 3.375],
					"color": 0,
					"children": [0, 1]
				},
				{
					"name": "tap_root",
					"origin": [11.5, 6, 2.875],
					"color": 0,
					"children": [2, 3, 4]
				}
			]
		},
		5
	]
}