{
	"format_version": "1.21.6",
	"credit": "Made with Blockbench",
	"textures": {
		"0": "item/golden_apple_3d",
		"2": "item/plated_food/plate_3d",
		"particle": "item/food_particles/golden_apple"
	},
	"elements": [
		{
			"name": "plate",
			"from": [2, 0, 2],
			"to": [14, 1, 14],
			"rotation": {"angle": 0, "axis": "y", "origin": [2, 0, 2]},
			"faces": {
				"north": {"uv": [0, 6, 6, 6.5], "texture": "#2"},
				"east": {"uv": [6, 0, 12, 0.5], "texture": "#2"},
				"south": {"uv": [6, 0.5, 12, 1], "texture": "#2"},
				"west": {"uv": [6, 1, 12, 1.5], "texture": "#2"},
				"up": {"uv": [6, 6, 0, 0], "texture": "#2"},
				"down": {"uv": [6, 1.5, 12, 7.5], "texture": "#2"}
			}
		},
		{
			"name": "apple",
			"from": [10.76, 6.54, 10.76],
			"to": [5.26, 1.04, 5.26],
			"rotation": {"angle": 0, "axis": "y", "origin": [8.0099, 5.52005, 7.47199]},
			"faces": {
				"north": {"uv": [14, 11, 15, 12], "texture": "#0"},
				"east": {"uv": [14, 11, 15, 12], "texture": "#0"},
				"south": {"uv": [14, 11, 15, 12], "texture": "#0"},
				"west": {"uv": [14, 11, 15, 12], "texture": "#0"},
				"up": {"uv": [14, 11, 15, 12], "texture": "#0"},
				"down": {"uv": [14, 11, 15, 12], "texture": "#0"}
			}
		},
		{
			"name": "stem",
			"from": [8.76, 8.49594, 8.46246],
			"to": [7.26, 5.79594, 6.96246],
			"rotation": {"angle": 22.5, "axis": "x", "origin": [8.0099, 5.52005, 7.47199]},
			"faces": {
				"north": {"uv": [13, 6, 14, 16], "texture": "#0"},
				"east": {"uv": [15, 9, 16, 16], "texture": "#0"},
				"west": {"uv": [13, 7, 14, 16], "texture": "#0"},
				"down": {"uv": [14, 11, 15, 12], "texture": "#0"}
			}
		},
		{
			"from": [8.2198, 7.88585, 7.70539],
			"to": [7.7998, 5.46585, 6.28539],
			"rotation": {"angle": -22.5, "axis": "x", "origin": [8.0099, 5.52005, 7.47199]},
			"faces": {
				"east": {"uv": [14, 8, 15, 12], "texture": "#0"},
				"south": {"uv": [14, 8, 15, 12], "texture": "#0"},
				"west": {"uv": [14, 8, 15, 12], "texture": "#0"},
				"up": {"uv": [14, 11, 15, 12], "texture": "#0"},
				"down": {"uv": [14, 11, 15, 15], "texture": "#0"}
			}
		},
		{
			"from": [8.2098, 8.87585, 8.69539],
			"to": [7.8098, 5.47585, 7.29539],
			"rotation": {"angle": -22.5, "axis": "x", "origin": [8.0099, 5.52005, 7.47199]},
			"faces": {
				"north": {"uv": [14, 11, 15, 12], "texture": "#0"},
				"east": {"uv": [14, 11, 15, 12], "texture": "#0"},
				"south": {"uv": [15, 11, 16, 14], "texture": "#0"},
				"west": {"uv": [14, 11, 15, 12], "texture": "#0"},
				"up": {"uv": [14, 11, 15, 12], "texture": "#0"},
				"down": {"uv": [14, 11, 15, 12], "texture": "#0"}
			}
		},
		{
			"name": "apple",
			"from": [5.51, 1.29, 5.51],
			"to": [10.51, 6.29, 10.51],
			"rotation": {"angle": 0, "axis": "y", "origin": [8.0099, 5.52005, 7.47199]},
			"faces": {
				"north": {"uv": [0, 0, 5, 5], "texture": "#0"},
				"east": {"uv": [0, 5, 5, 10], "texture": "#0"},
				"south": {"uv": [5, 0, 10, 5], "texture": "#0"},
				"west": {"uv": [5, 5, 10, 10], "texture": "#0"},
				"up": {"uv": [5, 15, 0, 10], "texture": "#0"},
				"down": {"uv": [15, 0, 10, 5], "texture": "#0"}
			}
		},
		{
			"name": "stem",
			"from": [7.51, 6.24594, 7.21246],
			"to": [8.51, 8.24594, 8.21246],
			"rotation": {"angle": 22.5, "axis": "x", "origin": [8.0099, 5.52005, 7.47199]},
			"faces": {
				"north": {"uv": [7, 10, 8, 12], "texture": "#0"},
				"east": {"uv": [8, 10, 9, 12], "texture": "#0"},
				"south": {"uv": [10, 8, 11, 10], "texture": "#0"},
				"west": {"uv": [9, 10, 10, 12], "texture": "#0"},
				"up": {"uv": [11, 11, 10, 10], "texture": "#0"}
			}
		},
		{
			"name": "leaf",
			"from": [8.0088, 5.67445, 6.49399],
			"to": [8.011, 8.67685, 8.49639],
			"rotation": {"angle": -22.5, "axis": "x", "origin": [8.0099, 5.52005, 7.47199]},
			"faces": {
				"east": {"uv": [5, 10, 7, 13], "texture": "#0"},
				"west": {"uv": [10, 5, 12, 8], "texture": "#0"}
			}
		}
	],
	"display": {
		"thirdperson_righthand": {
			"rotation": [70, 45, 0],
			"translation": [0, 4.5, 2.5],
			"scale": [0.5, 0.5, 0.5]
		},
		"thirdperson_lefthand": {
			"rotation": [70, 45, 0],
			"translation": [0, 4.5, 2.5],
			"scale": [0.5, 0.5, 0.5]
		},
		"firstperson_righthand": {
			"rotation": [0, -128, 0],
			"translation": [0, 6.5, 1.5],
			"scale": [0.6, 0.6, 0.6]
		},
		"firstperson_lefthand": {
			"rotation": [0, -128, 0],
			"translation": [0, 6.5, 1.5],
			"scale": [0.6, 0.6, 0.6]
		},
		"ground": {
			"translation": [0, 4.25, 0],
			"scale": [0.75, 0.75, 0.75]
		},
		"gui": {
			"rotation": [30, 45, 0],
			"translation": [0, 1.75, 0],
			"scale": [0.8, 0.8, 0.8]
		},
		"head": {
			"translation": [0, 14.4, 0]
		},
		"fixed": {
			"rotation": [-90, 90, 0],
			"translation": [0, 0, -14.08],
			"scale": [2.01, 2.01, 2.01]
		}
	},
	"groups": [
		0,
		{
			"name": "outline",
			"origin": [7.5001, 4, 7.03801],
			"color": 0,
			"children": [
				{
					"name": "fruit",
					"origin": [12.5001, 0, 13.03801],
					"color": 0,
					"children": [1]
				},
				{
					"name": "stem",
					"origin": [7.5001, 5, 8.03801],
					"color": 0,
					"children": [2]
				},
				{
					"name": "leaf",
					"origin": [7.5001, 4, 7.03801],
					"color": 0,
					"children": [3, 4]
				}
			]
		},
		{
			"name": "golden_apple",
			"origin": [7.5001, 4, 7.03801],
			"color": 0,
			"children": [
				{
					"name": "fruit",
					"origin": [12.5001, 0, 13.03801],
					"color": 0,
					"children": [5]
				},
				{
					"name": "stem",
					"origin": [7.5001, 5, 8.03801],
					"color": 0,
					"children": [6]
				},
				{
					"name": "leaf",
					"origin": [7.5001, 4, 7.03801],
					"color": 0,
					"children": [7]
				}
			]
		}
	]
}