{
	"format_version": "1.21.6",
	"credit": "Made with Blockbench",
	"texture_size": [32, 32],
	"textures": {
		"0": "item/sweet_berries_3d",
		"2": "item/plated_food/plate_3d",
		"particle": "item/food_particles/sweet_berries"
	},
	"elements": [
		{
			"name": "stick1",
			"from": [3.5, 2, 6],
			"to": [10.5, 3, 7],
			"rotation": {"angle": 22.5, "axis": "y", "origin": [10.5, 2, 6]},
			"faces": {
				"north": {"uv": [0, 6, 0.5, 9.5], "rotation": 90, "texture": "#0"},
				"south": {"uv": [0.5, 6, 1, 9.5], "rotation": 270, "texture": "#0"},
				"west": {"uv": [7.5, 7.5, 7, 7], "rotation": 270, "texture": "#0"},
				"up": {"uv": [6, 0, 6.5, 3.5], "rotation": 270, "texture": "#0"},
				"down": {"uv": [1, 6, 1.5, 9.5], "rotation": 270, "texture": "#0"}
			}
		},
		{
			"name": "stick2",
			"from": [10.51, 2.01, 6.01],
			"to": [13.49, 2.99, 6.99],
			"rotation": {"angle": 0, "axis": "y", "origin": [13.5, 2, 6]},
			"faces": {
				"north": {"uv": [5.5, 6, 6, 7.5], "rotation": 90, "texture": "#0"},
				"east": {"uv": [7.5, 6.5, 7, 7], "rotation": 270, "texture": "#0"},
				"south": {"uv": [6.5, 0, 7, 1.5], "rotation": 270, "texture": "#0"},
				"west": {"uv": [7, 3.5, 6.5, 3], "rotation": 270, "texture": "#0"},
				"up": {"uv": [6, 5.5, 6.5, 7], "rotation": 270, "texture": "#0"},
				"down": {"uv": [6.5, 1.5, 7, 3], "rotation": 270, "texture": "#0"}
			}
		},
		{
			"name": "leaf1_middle",
			"from": [7.4999, 2.4999, 2.9999],
			"to": [10.5001, 2.5001, 7.0001],
			"rotation": {"angle": 0, "axis": "x", "origin": [10.5, 2, 6]},
			"faces": {
				"up": {"uv": [8, 0, 10, 1.5], "rotation": 270, "texture": "#0"},
				"down": {"uv": [8, 1.5, 10, 3], "rotation": 270, "texture": "#0"}
			}
		},
		{
			"name": "leaf2_middle",
			"from": [5.4999, 2.4999, 7.4999],
			"to": [8.5001, 2.5001, 11.5001],
			"rotation": {"angle": 22.5, "axis": "y", "origin": [9.5, 2, 10]},
			"faces": {
				"up": {"uv": [1, 0, 3, 1.5], "rotation": 270, "texture": "#0"},
				"down": {"uv": [1, 1.5, 3, 3], "rotation": 270, "texture": "#0"}
			}
		},
		{
			"name": "berry3",
			"from": [1, 1.5, 10],
			"to": [3, 3.5, 12],
			"rotation": {"angle": -22.5, "axis": "y", "origin": [6.5, 3, 14]},
			"faces": {
				"north": {"uv": [1.5, 6, 2.5, 7], "rotation": 90, "texture": "#0"},
				"east": {"uv": [7, 4.5, 6, 5.5], "rotation": 270, "texture": "#0"},
				"south": {"uv": [3.5, 6, 4.5, 7], "rotation": 270, "texture": "#0"},
				"west": {"uv": [5.5, 7, 4.5, 6], "rotation": 270, "texture": "#0"},
				"up": {"uv": [2.5, 6, 3.5, 7], "rotation": 270, "texture": "#0"},
				"down": {"uv": [6, 3.5, 7, 4.5], "rotation": 270, "texture": "#0"}
			}
		},
		{
			"name": "berry1",
			"from": [10.5, 1, 8],
			"to": [13.5, 4, 11],
			"rotation": {"angle": -22.5, "axis": "y", "origin": [13.5, 2, 6]},
			"faces": {
				"north": {"uv": [0, 3, 1.5, 4.5], "rotation": 90, "texture": "#0"},
				"east": {"uv": [1.5, 4.5, 0, 6], "rotation": 270, "texture": "#0"},
				"south": {"uv": [1.5, 3, 3, 4.5], "rotation": 270, "texture": "#0"},
				"west": {"uv": [4.5, 4.5, 3, 3], "rotation": 270, "texture": "#0"},
				"up": {"uv": [3, 0, 4.5, 1.5], "rotation": 270, "texture": "#0"},
				"down": {"uv": [3, 1.5, 4.5, 3], "rotation": 270, "texture": "#0"}
			}
		},
		{
			"name": "berry2",
			"from": [2.5, 1, 6.5],
			"to": [5.5, 4, 9.5],
			"rotation": {"angle": -22.5, "axis": "y", "origin": [8.5, 2, 10]},
			"faces": {
				"north": {"uv": [4.5, 0, 6, 1.5], "rotation": 90, "texture": "#0"},
				"east": {"uv": [6, 4.5, 4.5, 6], "rotation": 270, "texture": "#0"},
				"south": {"uv": [4.5, 1.5, 6, 3], "rotation": 270, "texture": "#0"},
				"west": {"uv": [6, 4.5, 4.5, 3], "rotation": 270, "texture": "#0"},
				"up": {"uv": [1.5, 4.5, 3, 6], "rotation": 270, "texture": "#0"},
				"down": {"uv": [3, 4.5, 4.5, 6], "rotation": 270, "texture": "#0"}
			}
		},
		{
			"name": "plate",
			"from": [2, 0, 2],
			"to": [14, 1, 14],
			"rotation": {"angle": 0, "axis": "y", "origin": [2, 0, 2]},
			"faces": {
				"north": {"uv": [0, 6, 6, 6.5], "texture": "#2"},
				"east": {"uv": [6, 0, 12, 0.5], "texture": "#2"},
				"south": {"uv": [6, 0.5, 12, 1], "texture": "#2"},
				"west": {"uv": [6, 1, 12, 1.5], "texture": "#2"},
				"up": {"uv": [6, 6, 0, 0], "texture": "#2"},
				"down": {"uv": [6, 1.5, 12, 7.5], "texture": "#2"}
			}
		}
	],
	"display": {
		"thirdperson_righthand": {
			"rotation": [70, 45, 0],
			"translation": [0, 4.5, 2.5],
			"scale": [0.5, 0.5, 0.5]
		},
		"thirdperson_lefthand": {
			"rotation": [70, 45, 0],
			"translation": [0, 4.5, 2.5],
			"scale": [0.5, 0.5, 0.5]
		},
		"firstperson_righthand": {
			"rotation": [0, -128, 0],
			"translation": [0, 6.5, 1.5],
			"scale": [0.6, 0.6, 0.6]
		},
		"firstperson_lefthand": {
			"rotation": [0, -128, 0],
			"translation": [0, 6.5, 1.5],
			"scale": [0.6, 0.6, 0.6]
		},
		"ground": {
			"translation": [0, 4.25, 0],
			"scale": [0.75, 0.75, 0.75]
		},
		"gui": {
			"rotation": [30, 135, 0],
			"translation": [0, 1.75, 0],
			"scale": [0.8, 0.8, 0.8]
		},
		"head": {
			"translation": [0, 14.4, 0]
		},
		"fixed": {
			"rotation": [-90, 0, 0],
			"translation": [0, 0, -14.08],
			"scale": [2.01, 2.01, 2.01]
		}
	},
	"groups": [
		{
			"name": "sweet_berries",
			"origin": [0, 0, 0],
			"color": 0,
			"children": [
				{
					"name": "stick",
					"origin": [0, 0, 0],
					"color": 0,
					"children": [0, 1]
				},
				{
					"name": "leaf1",
					"origin": [0, 3, 0],
					"color": 0,
					"children": [2]
				},
				{
					"name": "leaf2",
					"origin": [0, 5, 4],
					"color": 0,
					"children": [3]
				},
				{
					"name": "berries",
					"origin": [0, 5, 4],
					"color": 0,
					"children": [4, 5, 6]
				}
			]
		},
		7
	]
}