{
	"format_version": "1.21.6",
	"credit": "Made with Blockbench",
	"textures": {
		"0": "item/rotten_flesh_3d",
		"2": "item/plated_food/plate_3d",
		"particle": "item/rotten_flesh"
	},
	"elements": [
		{
			"from": [5.56299, 1.5, 6.03701],
			"to": [9.56299, 2.5, 10.03701],
			"rotation": {"angle": 0, "axis": "y", "origin": [9, 1.75, 8.03701]},
			"faces": {
				"north": {"uv": [8, 4, 12, 5], "texture": "#0"},
				"east": {"uv": [5, 8, 9, 9], "texture": "#0"},
				"south": {"uv": [8, 5, 12, 6], "texture": "#0"},
				"west": {"uv": [1, 8, 5, 9], "texture": "#0"},
				"up": {"uv": [4, 4, 0, 0], "rotation": 270, "texture": "#0"},
				"down": {"uv": [4, 4, 0, 8], "rotation": 90, "texture": "#0"}
			}
		},
		{
			"from": [5.56299, 1.5, 5.03701],
			"to": [9.56299, 2.5, 6.03701],
			"rotation": {"angle": 0, "axis": "y", "origin": [9, 1.75, 8.03701]},
			"faces": {
				"north": {"uv": [9, 0, 13, 1], "texture": "#0"},
				"east": {"uv": [13, 1, 14, 2], "texture": "#0"},
				"west": {"uv": [13, 0, 14, 1], "texture": "#0"},
				"up": {"uv": [6, 13, 5, 9], "rotation": 270, "texture": "#0"},
				"down": {"uv": [7, 9, 6, 13], "rotation": 90, "texture": "#0"}
			}
		},
		{
			"from": [9.56299, 2.5, 6.03701],
			"to": [5.56299, 1.5, 5.03701],
			"rotation": {"angle": 0, "axis": "y", "origin": [9, 1.75, 8.03701]},
			"faces": {
				"north": {"uv": [9, 1, 13, 2], "texture": "#0"},
				"east": {"uv": [5, 13, 6, 14], "texture": "#0"},
				"south": {"uv": [9, 2, 13, 3], "texture": "#0"},
				"west": {"uv": [4, 13, 5, 14], "texture": "#0"},
				"up": {"uv": [8, 13, 7, 9], "rotation": 270, "texture": "#0"},
				"down": {"uv": [9, 9, 8, 13], "rotation": 90, "texture": "#0"}
			}
		},
		{
			"from": [5.56299, 1.5, 10.03701],
			"to": [9.56299, 2.5, 11.03701],
			"rotation": {"angle": 0, "axis": "y", "origin": [9, 1.75, 8.03701]},
			"faces": {
				"north": {"uv": [4, 6, 8, 7], "texture": "#0"},
				"east": {"uv": [12, 12, 13, 13], "texture": "#0"},
				"south": {"uv": [4, 7, 8, 8], "texture": "#0"},
				"west": {"uv": [12, 11, 13, 12], "texture": "#0"},
				"up": {"uv": [1, 12, 0, 8], "rotation": 270, "texture": "#0"},
				"down": {"uv": [9, 0, 8, 4], "rotation": 90, "texture": "#0"}
			}
		},
		{
			"from": [9.56299, 2.5, 11.03701],
			"to": [5.56299, 1.5, 10.03701],
			"rotation": {"angle": 0, "axis": "y", "origin": [9, 1.75, 8.03701]},
			"faces": {
				"north": {"uv": [9, 3, 13, 4], "texture": "#0"},
				"east": {"uv": [6, 13, 7, 14], "texture": "#0"},
				"south": {"uv": [9, 8, 13, 9], "texture": "#0"},
				"west": {"uv": [13, 5, 14, 6], "texture": "#0"},
				"up": {"uv": [10, 13, 9, 9], "rotation": 270, "texture": "#0"},
				"down": {"uv": [2, 10, 1, 14], "rotation": 90, "texture": "#0"}
			}
		},
		{
			"from": [7.3364, 1, 6.3979],
			"to": [10.3364, 2, 10.3979],
			"rotation": {"angle": -22.5, "axis": "y", "origin": [9, 1.75, 8.03701]},
			"faces": {
				"north": {"uv": [2, 10, 5, 11], "texture": "#0"},
				"east": {"uv": [8, 7, 12, 8], "texture": "#0"},
				"south": {"uv": [10, 9, 13, 10], "texture": "#0"},
				"west": {"uv": [8, 6, 12, 7], "texture": "#0"},
				"up": {"uv": [8, 3, 4, 0], "rotation": 270, "texture": "#0"},
				"down": {"uv": [8, 3, 4, 6], "rotation": 90, "texture": "#0"}
			}
		},
		{
			"from": [7.3364, 1, 5.3979],
			"to": [10.3364, 2, 6.3979],
			"rotation": {"angle": -22.5, "axis": "y", "origin": [9, 1.75, 8.03701]},
			"faces": {
				"east": {"uv": [13, 3, 14, 4], "texture": "#0"},
				"west": {"uv": [3, 13, 4, 14], "texture": "#0"},
				"up": {"uv": [1, 15, 0, 12], "rotation": 270, "texture": "#0"},
				"down": {"uv": [13, 5, 12, 8], "rotation": 90, "texture": "#0"}
			}
		},
		{
			"from": [10.3354, 1.999, 6.3969],
			"to": [7.3374, 1.001, 5.3989],
			"rotation": {"angle": -22.5, "axis": "y", "origin": [9, 1.75, 8.03701]},
			"faces": {
				"east": {"uv": [13, 2, 14, 3], "texture": "#0"},
				"west": {"uv": [2, 13, 3, 14], "texture": "#0"},
				"up": {"uv": [11, 14, 10, 11], "rotation": 270, "texture": "#0"},
				"down": {"uv": [12, 11, 11, 14], "rotation": 90, "texture": "#0"}
			}
		},
		{
			"name": "plate",
			"from": [2, 0, 2],
			"to": [14, 1, 14],
			"rotation": {"angle": 0, "axis": "y", "origin": [2, 0, 2]},
			"faces": {
				"north": {"uv": [0, 6, 6, 6.5], "texture": "#2"},
				"east": {"uv": [6, 0, 12, 0.5], "texture": "#2"},
				"south": {"uv": [6, 0.5, 12, 1], "texture": "#2"},
				"west": {"uv": [6, 1, 12, 1.5], "texture": "#2"},
				"up": {"uv": [6, 6, 0, 0], "texture": "#2"},
				"down": {"uv": [6, 1.5, 12, 7.5], "texture": "#2"}
			}
		}
	],
	"display": {
		"thirdperson_righthand": {
			"rotation": [70, 45, 0],
			"translation": [0, 4.5, 2.5],
			"scale": [0.5, 0.5, 0.5]
		},
		"thirdperson_lefthand": {
			"rotation": [70, 45, 0],
			"translation": [0, 4.5, 2.5],
			"scale": [0.5, 0.5, 0.5]
		},
		"firstperson_righthand": {
			"rotation": [0, -128, 0],
			"translation": [0, 6.5, 1.5],
			"scale": [0.6, 0.6, 0.6]
		},
		"firstperson_lefthand": {
			"rotation": [0, -128, 0],
			"translation": [0, 6.5, 1.5],
			"scale": [0.6, 0.6, 0.6]
		},
		"ground": {
			"translation": [0, 4.25, 0],
			"scale": [0.75, 0.75, 0.75]
		},
		"gui": {
			"rotation": [30, -45, 0],
			"translation": [0, 1.75, 0],
			"scale": [0.8, 0.8, 0.8]
		},
		"head": {
			"translation": [0, 14.4, 0]
		},
		"fixed": {
			"rotation": [-90, 90, 0],
			"translation": [0, 0, -14.08],
			"scale": [2.01, 2.01, 2.01]
		}
	},
	"groups": [
		{
			"name": "rottenflesh",
			"origin": [9.5, 1.5, 8.5],
			"color": 0,
			"children": [0, 1, 2, 3, 4, 5, 6, 7]
		},
		8
	]
}