{
	"format_version": "1.21.6",
	"credit": "Made with Blockbench",
	"texture_size": [32, 32],
	"textures": {
		"0": "item/pumpkin_pie_3d",
		"2": "item/plated_food/plate_3d",
		"particle": "item/pumpkin_pie"
	},
	"elements": [
		{
			"name": "crust6",
			"from": [7, 2, 4],
			"to": [11, 5, 5],
			"rotation": {"angle": 0, "axis": "y", "origin": [2, 2, 7]},
			"faces": {
				"north": {"uv": [6, 7, 8, 8.5], "texture": "#0"},
				"south": {"uv": [7.5, 3, 9.5, 4.5], "texture": "#0"},
				"west": {"uv": [6.5, 10, 7, 11.5], "texture": "#0"},
				"up": {"uv": [11.5, 8, 9.5, 7.5], "texture": "#0"}
			}
		},
		{
			"name": "crust1",
			"from": [7, 1, 4],
			"to": [12, 2, 12],
			"rotation": {"angle": 0, "axis": "y", "origin": [7, 1, 7]},
			"faces": {
				"north": {"uv": [5, 3, 7.5, 3.5], "texture": "#0"},
				"east": {"uv": [7, 8.5, 11, 9], "texture": "#0"},
				"south": {"uv": [5, 3.5, 7.5, 4], "texture": "#0"},
				"west": {"uv": [9, 4.5, 13, 5], "texture": "#0"},
				"down": {"uv": [5, 0, 2.5, 4], "texture": "#0"}
			}
		},
		{
			"name": "crust2",
			"from": [4, 1, 8],
			"to": [7, 2, 12],
			"rotation": {"angle": 0, "axis": "y", "origin": [2, 1, 7]},
			"faces": {
				"north": {"uv": [10, 9, 11.5, 9.5], "texture": "#0"},
				"south": {"uv": [10, 9.5, 11.5, 10], "texture": "#0"},
				"west": {"uv": [2, 10, 4, 10.5], "texture": "#0"},
				"down": {"uv": [9.5, 6.5, 8, 8.5], "texture": "#0"}
			}
		},
		{
			"name": "crust3",
			"from": [4, 2, 8],
			"to": [5, 5, 12],
			"rotation": {"angle": 0, "axis": "y", "origin": [2, 2, 7]},
			"faces": {
				"north": {"uv": [10, 10, 10.5, 11.5], "texture": "#0"},
				"east": {"uv": [0, 8.5, 2, 10], "texture": "#0"},
				"south": {"uv": [0, 10.5, 0.5, 12], "texture": "#0"},
				"west": {"uv": [8.5, 0, 10.5, 1.5], "texture": "#0"},
				"up": {"uv": [4.5, 12, 4, 10], "texture": "#0"}
			}
		},
		{
			"name": "crust4",
			"from": [5, 2, 11],
			"to": [12, 5, 12],
			"rotation": {"angle": 0, "axis": "y", "origin": [2, 2, 7]},
			"faces": {
				"north": {"uv": [4, 4, 7.5, 5.5], "texture": "#0"},
				"east": {"uv": [5, 10, 5.5, 11.5], "texture": "#0"},
				"south": {"uv": [5, 0, 8.5, 1.5], "texture": "#0"},
				"up": {"uv": [12.5, 5.5, 9, 5], "texture": "#0"}
			}
		},
		{
			"name": "crust5",
			"from": [11, 2, 4],
			"to": [12, 5, 11],
			"rotation": {"angle": 0, "axis": "y", "origin": [2, 2, 7]},
			"faces": {
				"north": {"uv": [10.5, 0, 11, 1.5], "texture": "#0"},
				"east": {"uv": [5, 1.5, 8.5, 3], "texture": "#0"},
				"west": {"uv": [4, 5.5, 7.5, 7], "texture": "#0"},
				"up": {"uv": [7.5, 12.5, 7, 9], "texture": "#0"}
			}
		},
		{
			"name": "filling1",
			"from": [5, 2, 8],
			"to": [7, 4.75, 11],
			"rotation": {"angle": 0, "axis": "y", "origin": [3, 1, 7]},
			"faces": {
				"north": {"uv": [8, 9, 9, 10.5], "texture": "#0"},
				"up": {"uv": [10.5, 4.5, 9.5, 3], "texture": "#0"}
			}
		},
		{
			"name": "filling2",
			"from": [7, 2, 5],
			"to": [11, 4.75, 11],
			"rotation": {"angle": 0, "axis": "y", "origin": [7, 1, 7]},
			"faces": {
				"west": {"uv": [3, 7, 6, 8.5], "texture": "#0"},
				"up": {"uv": [2, 7, 0, 4], "texture": "#0"}
			}
		},
		{
			"name": "plate",
			"from": [2, 0, 2],
			"to": [14, 1, 14],
			"rotation": {"angle": 0, "axis": "y", "origin": [2, 0, 2]},
			"faces": {
				"north": {"uv": [0, 6, 6, 6.5], "texture": "#2"},
				"east": {"uv": [6, 0, 12, 0.5], "texture": "#2"},
				"south": {"uv": [6, 0.5, 12, 1], "texture": "#2"},
				"west": {"uv": [6, 1, 12, 1.5], "texture": "#2"},
				"up": {"uv": [6, 6, 0, 0], "texture": "#2"},
				"down": {"uv": [6, 1.5, 12, 7.5], "texture": "#2"}
			}
		}
	],
	"display": {
		"thirdperson_righthand": {
			"rotation": [70, 45, 0],
			"translation": [0, 4.5, 2.5],
			"scale": [0.5, 0.5, 0.5]
		},
		"thirdperson_lefthand": {
			"rotation": [70, 45, 0],
			"translation": [0, 4.5, 2.5],
			"scale": [0.5, 0.5, 0.5]
		},
		"firstperson_righthand": {
			"rotation": [0, 52, 0],
			"translation": [0, 6.5, 1.5],
			"scale": [0.6, 0.6, 0.6]
		},
		"firstperson_lefthand": {
			"rotation": [0, 142, 0],
			"translation": [0, 6.5, 1.5],
			"scale": [0.6, 0.6, 0.6]
		},
		"ground": {
			"translation": [0, 4.25, 0],
			"scale": [0.75, 0.75, 0.75]
		},
		"gui": {
			"rotation": [30, 135, 0],
			"translation": [0, 1.75, 0],
			"scale": [0.8, 0.8, 0.8]
		},
		"head": {
			"translation": [0, 14.4, 0]
		},
		"fixed": {
			"rotation": [-90, -90, 0],
			"translation": [0, 0, -14.08],
			"scale": [2.01, 2.01, 2.01]
		}
	},
	"groups": [
		{
			"name": "crust",
			"origin": [2, 1, 7],
			"color": 0,
			"children": [0, 1, 2, 3, 4, 5]
		},
		{
			"name": "filling",
			"origin": [7, 0, 7],
			"color": 0,
			"children": [6, 7]
		},
		8
	]
}