{
	"format_version": "1.21.6",
	"credit": "Made with Blockbench",
	"texture_size": [32, 32],
	"textures": {
		"1": "item/poisonous_potato_3d",
		"2": "item/plated_food/plate_3d",
		"particle": "item/poisonous_potato"
	},
	"elements": [
		{
			"name": "potato",
			"from": [6.125, 1, 4.625],
			"to": [9.925, 4.8, 11.465],
			"rotation": {"angle": 0, "axis": "y", "origin": [0.805, 1, -0.695]},
			"faces": {
				"north": {"uv": [0, 5, 2.5, 7.5], "texture": "#1"},
				"east": {"uv": [0, 0, 4.5, 2.5], "texture": "#1"},
				"south": {"uv": [7, 0, 9.5, 2.5], "texture": "#1"},
				"west": {"uv": [0, 2.5, 4.5, 5], "texture": "#1"},
				"up": {"uv": [7, 4.5, 4.5, 0], "texture": "#1"},
				"down": {"uv": [7, 4.5, 4.5, 9], "texture": "#1"}
			}
		},
		{
			"name": "potato",
			"from": [9.92424, 0.99924, 3.10424],
			"to": [9.92576, 7.08076, 12.98576],
			"rotation": {"angle": 0, "axis": "y", "origin": [4.605, 1, -0.695]},
			"faces": {
				"east": {"uv": [0, 12, 6.5, 16], "texture": "#1"},
				"west": {"uv": [6.5, 12, 0, 16], "texture": "#1"}
			}
		},
		{
			"name": "potato",
			"from": [6.12424, 0.99924, 3.10424],
			"to": [6.12576, 7.08076, 12.98576],
			"rotation": {"angle": 0, "axis": "y", "origin": [0.805, 1, -0.695]},
			"faces": {
				"east": {"uv": [13, 12, 6.5, 16], "texture": "#1"},
				"west": {"uv": [6.5, 12, 13, 16], "texture": "#1"}
			}
		},
		{
			"name": "plate",
			"from": [2, 0, 2],
			"to": [14, 1, 14],
			"rotation": {"angle": 0, "axis": "y", "origin": [2, 0, 2]},
			"faces": {
				"north": {"uv": [0, 6, 6, 6.5], "texture": "#2"},
				"east": {"uv": [6, 0, 12, 0.5], "texture": "#2"},
				"south": {"uv": [6, 0.5, 12, 1], "texture": "#2"},
				"west": {"uv": [6, 1, 12, 1.5], "texture": "#2"},
				"up": {"uv": [6, 6, 0, 0], "texture": "#2"},
				"down": {"uv": [6, 1.5, 12, 7.5], "texture": "#2"}
			}
		}
	],
	"display": {
		"thirdperson_righthand": {
			"rotation": [70, 45, 0],
			"translation": [0, 4.5, 2.5],
			"scale": [0.5, 0.5, 0.5]
		},
		"thirdperson_lefthand": {
			"rotation": [70, 45, 0],
			"translation": [0, 4.5, 2.5],
			"scale": [0.5, 0.5, 0.5]
		},
		"firstperson_righthand": {
			"rotation": [0, -128, 0],
			"translation": [0, 6.5, 1.5],
			"scale": [0.6, 0.6, 0.6]
		},
		"firstperson_lefthand": {
			"rotation": [0, -128, 0],
			"translation": [0, 6.5, 1.5],
			"scale": [0.6, 0.6, 0.6]
		},
		"ground": {
			"translation": [0, 4.25, 0],
			"scale": [0.75, 0.75, 0.75]
		},
		"gui": {
			"rotation": [30, -45, 0],
			"translation": [0, 1.75, 0],
			"scale": [0.8, 0.8, 0.8]
		},
		"head": {
			"translation": [0, 14.4, 0]
		},
		"fixed": {
			"rotation": [-90, 90, 0],
			"translation": [0, 0, -14.08],
			"scale": [2.01, 2.01, 2.01]
		}
	},
	"groups": [
		{
			"name": "poisonous_potato",
			"origin": [10, 3, 11],
			"color": 0,
			"children": [
				{
					"name": "potato",
					"origin": [-1, 0, -3],
					"color": 0,
					"children": [0]
				},
				1,
				2
			]
		},
		3
	]
}