{
	"format_version": "1.21.6",
	"credit": "Made with Blockbench",
	"textures": {
		"0": "item/eatinganimation/cooked_chicken/cooked_chicken_eat_1",
		"particle": "item/food_particles/cooked_chicken"
	},
	"elements": [
		{
			"name": "chest_top",
			"from": [7, 1, 2.5],
			"to": [9, 3, 3.5],
			"rotation": {"angle": 0, "axis": "y", "origin": [8, 1.5, 8]},
			"faces": {
				"north": {"uv": [8, 6, 9, 7], "texture": "#0"},
				"east": {"uv": [5, 9, 5.5, 10], "texture": "#0"},
				"west": {"uv": [9, 4, 9.5, 5], "texture": "#0"},
				"up": {"uv": [9.5, 6, 9, 5], "rotation": 270, "texture": "#0"},
				"down": {"uv": [6, 9, 5.5, 10], "rotation": 90, "texture": "#0"}
			}
		},
		{
			"name": "chest_middle",
			"from": [4.99, -0.01, 3.49],
			"to": [6.99, 4.01, 9.49],
			"rotation": {"angle": 0, "axis": "y", "origin": [8, 1.5, 8]},
			"faces": {
				"north": {"uv": [5.50332, 4, 6.5, 6], "texture": "#0"},
				"east": {"uv": [4.00855, 2, 7, 4], "texture": "#0"},
				"south": {"uv": [0, 6, 0.99668, 8], "texture": "#0"},
				"west": {"uv": [3.5, 0, 6.49145, 2], "texture": "#0"},
				"up": {"uv": [2.99145, 3, 0, 2.00332], "rotation": 270, "texture": "#0"},
				"down": {"uv": [2.99145, 5.00332, 0, 6], "rotation": 90, "texture": "#0"}
			}
		},
		{
			"name": "chest_middle",
			"from": [6.99, -0.01, 3.49],
			"to": [7.99, 4.01, 10.51],
			"rotation": {"angle": 0, "axis": "y", "origin": [8, 1.5, 8]},
			"faces": {
				"north": {"uv": [5.00498, 4, 5.50332, 6], "texture": "#0"},
				"east": {"uv": [3.5, 2, 7, 4], "texture": "#0"},
				"south": {"uv": [0.99668, 6, 1.49502, 8], "texture": "#0"},
				"west": {"uv": [3.5, 0, 7, 2], "texture": "#0"},
				"up": {"uv": [3.5, 2.00332, 0, 1.50498], "rotation": 270, "texture": "#0"},
				"down": {"uv": [3.5, 4.50498, 0, 5.00332], "rotation": 90, "texture": "#0"}
			}
		},
		{
			"name": "chest_middle",
			"from": [7.99, -0.01, 3.49],
			"to": [11.01, 4.01, 10.51],
			"rotation": {"angle": 0, "axis": "y", "origin": [8, 1.5, 8]},
			"faces": {
				"north": {"uv": [3.5, 4, 5.00498, 6], "texture": "#0"},
				"east": {"uv": [3.5, 2, 7, 4], "texture": "#0"},
				"south": {"uv": [1.49502, 6, 3, 8], "texture": "#0"},
				"west": {"uv": [3.5, 0, 7, 2], "texture": "#0"},
				"up": {"uv": [3.5, 1.50498, 0, 0], "rotation": 270, "texture": "#0"},
				"down": {"uv": [3.5, 3, 0, 4.50498], "rotation": 90, "texture": "#0"}
			}
		},
		{
			"name": "bone1",
			"from": [4.5, 1.65896, 9.72836],
			"to": [5.5, 2.65896, 10.72836],
			"rotation": {"angle": -22.5, "axis": "x", "origin": [5, 2.15896, 9.47836]},
			"faces": {
				"east": {"uv": [6.5, 9, 7, 9.5], "texture": "#0"},
				"south": {"uv": [9, 6.5, 9.5, 7], "texture": "#0"},
				"west": {"uv": [6, 9, 6.5, 9.5], "texture": "#0"},
				"up": {"uv": [7.5, 9.5, 7, 9], "rotation": 270, "texture": "#0"},
				"down": {"uv": [8, 9, 7.5, 9.5], "rotation": 90, "texture": "#0"}
			}
		},
		{
			"name": "leg1",
			"from": [4, 1.18962, 7.68248],
			"to": [6, 3.18962, 9.68248],
			"rotation": {"angle": -22.5, "axis": "x", "origin": [5.1, 2.28962, 9.53248]},
			"faces": {
				"north": {"uv": [8.5, 3, 9.5, 4], "texture": "#0"},
				"east": {"uv": [7, 6, 8, 7], "texture": "#0"},
				"south": {"uv": [8.5, 7, 9.5, 8], "texture": "#0"},
				"west": {"uv": [3, 6, 4, 7], "texture": "#0"},
				"up": {"uv": [7.5, 5, 6.5, 4], "rotation": 270, "texture": "#0"},
				"down": {"uv": [7.5, 5, 6.5, 6], "rotation": 90, "texture": "#0"}
			}
		},
		{
			"name": "bone2",
			"from": [10.5, 2.23299, 11.61418],
			"to": [11.5, 3.23299, 12.61418],
			"rotation": {"angle": -22.5, "axis": "x", "origin": [11, 2.73299, 10.86418]},
			"faces": {
				"east": {"uv": [9, 9, 9.5, 9.5], "texture": "#0"},
				"south": {"uv": [9.5, 0, 10, 0.5], "texture": "#0"},
				"west": {"uv": [8, 9, 8.5, 9.5], "texture": "#0"},
				"up": {"uv": [10, 1, 9.5, 0.5], "rotation": 270, "texture": "#0"},
				"down": {"uv": [10, 1, 9.5, 1.5], "rotation": 90, "texture": "#0"}
			}
		},
		{
			"name": "leg2",
			"from": [10, 1.73299, 7.61418],
			"to": [12, 3.73299, 11.61418],
			"rotation": {"angle": -22.5, "axis": "x", "origin": [11, 2.73299, 10.86418]},
			"faces": {
				"north": {"uv": [8.5, 8, 9.5, 9], "texture": "#0"},
				"east": {"uv": [7.5, 1, 9.5, 2], "texture": "#0"},
				"south": {"uv": [0, 9, 1, 10], "texture": "#0"},
				"west": {"uv": [7, 0, 9, 1], "texture": "#0"},
				"up": {"uv": [9, 3, 7, 2], "rotation": 270, "texture": "#0"},
				"down": {"uv": [5, 7, 3, 8], "rotation": 90, "texture": "#0"}
			}
		},
		{
			"name": "wing1",
			"from": [3.73673, 1, 5.14911],
			"to": [5.73673, 3, 8.14911],
			"rotation": {"angle": -22.5, "axis": "y", "origin": [8, 1.5, 8]},
			"faces": {
				"east": {"uv": [5.5, 7, 7, 8], "texture": "#0"},
				"south": {"uv": [2, 9, 3, 10], "texture": "#0"},
				"west": {"uv": [7, 3, 8.5, 4], "texture": "#0"},
				"up": {"uv": [8.5, 8, 7, 7], "rotation": 270, "texture": "#0"},
				"down": {"uv": [1.5, 8, 0, 9], "rotation": 90, "texture": "#0"}
			}
		},
		{
			"name": "wing2",
			"from": [10.26327, 1, 5.14911],
			"to": [12.26327, 3, 8.14911],
			"rotation": {"angle": 22.5, "axis": "y", "origin": [8, 1.5, 8]},
			"faces": {
				"east": {"uv": [3, 8, 4.5, 9], "texture": "#0"},
				"south": {"uv": [4, 9, 5, 10], "texture": "#0"},
				"west": {"uv": [1.5, 8, 3, 9], "texture": "#0"},
				"up": {"uv": [6, 9, 4.5, 8], "rotation": 270, "texture": "#0"},
				"down": {"uv": [7.5, 8, 6, 9], "rotation": 90, "texture": "#0"}
			}
		}
	],
	"display": {
		"thirdperson_righthand": {
			"rotation": [130, 0, 0],
			"translation": [0.25, -3.25, 2.25],
			"scale": [0.75, 0.75, 0.75]
		},
		"thirdperson_lefthand": {
			"rotation": [130, 0, 0],
			"translation": [-0.25, -3.25, 2.25],
			"scale": [0.75, 0.75, 0.75]
		},
		"firstperson_righthand": {
			"rotation": [-8, -85, 0],
			"translation": [-0.5, 9, 0.75],
			"scale": [0.75, 0.75, 0.75]
		},
		"firstperson_lefthand": {
			"rotation": [-8, -85, 0],
			"translation": [-0.5, 9, 0.75],
			"scale": [0.75, 0.75, 0.75]
		},
		"ground": {
			"translation": [0, 4.75, 0],
			"scale": [0.85, 0.85, 0.85]
		},
		"gui": {
			"rotation": [45, -45, 0],
			"translation": [0.75, 4.5, 0],
			"scale": [1.2, 1.2, 1.2]
		},
		"head": {
			"translation": [0.5, 18.25, 0.5],
			"scale": [1.5, 1.5, 1.5]
		},
		"fixed": {
			"rotation": [-90, 90, 0],
			"translation": [0, -1, -8.5],
			"scale": [1.2, 1.2, 1.2]
		}
	},
	"groups": [
		{
			"name": "raw_chicken",
			"origin": [0.5, 6, 0],
			"color": 0,
			"children": [
				{
					"name": "chest",
					"origin": [0.5, 6, 0],
					"color": 0,
					"children": [0, 1, 2, 3]
				},
				{
					"name": "leg1",
					"origin": [0.5, 0, -1],
					"color": 0,
					"children": [4, 5]
				},
				{
					"name": "leg2",
					"origin": [0.5, 0, 5],
					"color": 0,
					"children": [6, 7]
				},
				{
					"name": "wing1",
					"origin": [6.5, 2, 2],
					"color": 0,
					"children": [8]
				},
				{
					"name": "wing2",
					"origin": [6.5, 2, 4],
					"color": 0,
					"children": [9]
				}
			]
		}
	]
}