{
	"format_version": "1.21.6",
	"credit": "Made with Blockbench",
	"texture_size": [32, 32],
	"textures": {
		"0": "item/cake_3d",
		"particle": "item/cake"
	},
	"elements": [
		{
			"name": "cake_layer",
			"from": [1.25, 0.25, 1.25],
			"to": [14.75, 4.75, 14.75],
			"rotation": {"angle": 0, "axis": "y", "origin": [0, -3, 0]},
			"faces": {
				"north": {"uv": [7, 5, 14, 7.5], "texture": "#0"},
				"east": {"uv": [7, 5, 14, 7.5], "texture": "#0"},
				"south": {"uv": [7, 5, 14, 7.5], "texture": "#0"},
				"west": {"uv": [7, 5, 14, 7.5], "texture": "#0"},
				"up": {"uv": [7, 7, 0, 0], "texture": "#0"},
				"down": {"uv": [7, 7, 0, 14], "texture": "#0", "cullface": "down"}
			}
		},
		{
			"name": "frosting_top",
			"from": [1, 4.75, 1],
			"to": [15, 7.75, 15],
			"rotation": {"angle": 0, "axis": "y", "origin": [-0.25, -0.25, -0.25]},
			"faces": {
				"north": {"uv": [7, 0, 14, 1.5], "texture": "#0"},
				"east": {"uv": [7, 0, 14, 1.5], "texture": "#0"},
				"south": {"uv": [7, 0, 14, 1.5], "texture": "#0"},
				"west": {"uv": [7, 0, 14, 1.5], "texture": "#0"},
				"up": {"uv": [7, 7, 0, 0], "texture": "#0"},
				"down": {"uv": [14, 7.5, 7, 14.5], "texture": "#0", "cullface": "down"}
			}
		},
		{
			"name": "frosting_side12",
			"from": [14, 3.75, 5],
			"to": [15, 4.75, 7],
			"rotation": {"angle": 0, "axis": "y", "origin": [15, 4.25, 5.5]},
			"faces": {
				"north": {"uv": [11.5, 1.5, 12, 2], "texture": "#0"},
				"east": {"uv": [11, 1.5, 12, 2], "texture": "#0"},
				"south": {"uv": [11, 1.5, 11.5, 2], "texture": "#0"},
				"down": {"uv": [11, 1.5, 12, 2], "rotation": 90, "texture": "#0", "cullface": "down"}
			}
		},
		{
			"name": "frosting_side1",
			"from": [13, 3.75, 1],
			"to": [15, 4.75, 3],
			"rotation": {"angle": 0, "axis": "y", "origin": [14, 4.25, 2]},
			"faces": {
				"north": {"uv": [7, 1.5, 8, 2], "texture": "#0"},
				"east": {"uv": [13, 1.5, 14, 2], "texture": "#0"},
				"south": {"uv": [8.5, 4, 9.5, 4.5], "texture": "#0"},
				"west": {"uv": [7.5, 4, 8.5, 4.5], "texture": "#0"},
				"down": {"uv": [8, 4, 7, 5], "rotation": 90, "texture": "#0", "cullface": "down"}
			}
		},
		{
			"name": "frosting_side2",
			"from": [9, 3.75, 1],
			"to": [11, 4.75, 2],
			"rotation": {"angle": 0, "axis": "y", "origin": [10, 4.25, 1.5]},
			"faces": {
				"north": {"uv": [11, 1.5, 12, 2], "texture": "#0"},
				"east": {"uv": [11, 1.5, 11.5, 2], "texture": "#0"},
				"west": {"uv": [11.5, 1.5, 12, 2], "texture": "#0"},
				"down": {"uv": [11, 1.5, 12, 2], "rotation": 180, "texture": "#0", "cullface": "down"}
			}
		},
		{
			"name": "frosting_side3",
			"from": [5, 3.75, 1],
			"to": [7, 4.75, 2],
			"rotation": {"angle": 0, "axis": "y", "origin": [6, 4.25, 1.5]},
			"faces": {
				"north": {"uv": [9, 1.5, 10, 2], "texture": "#0"},
				"east": {"uv": [9, 1.5, 9.5, 2], "texture": "#0"},
				"west": {"uv": [9.5, 1.5, 10, 2], "texture": "#0"},
				"down": {"uv": [9, 1.5, 10, 2], "rotation": 180, "texture": "#0", "cullface": "down"}
			}
		},
		{
			"name": "frosting_side4",
			"from": [1, 3.75, 1],
			"to": [3, 4.75, 3],
			"rotation": {"angle": 0, "axis": "y", "origin": [2, 4.25, 2]},
			"faces": {
				"north": {"uv": [13, 1.5, 14, 2], "texture": "#0"},
				"east": {"uv": [8.5, 4, 9.5, 4.5], "texture": "#0"},
				"south": {"uv": [7.5, 4, 8.5, 4.5], "texture": "#0"},
				"west": {"uv": [7, 1.5, 8, 2], "texture": "#0"},
				"down": {"uv": [8, 4, 7, 5], "rotation": 180, "texture": "#0", "cullface": "down"}
			}
		},
		{
			"name": "frosting_side5",
			"from": [1, 3.75, 5],
			"to": [2, 4.75, 7],
			"rotation": {"angle": 0, "axis": "y", "origin": [1.5, 4.25, 6]},
			"faces": {
				"north": {"uv": [11, 1.5, 11.5, 2], "texture": "#0"},
				"south": {"uv": [11.5, 1.5, 12, 2], "texture": "#0"},
				"west": {"uv": [11, 1.5, 12, 2], "texture": "#0"},
				"down": {"uv": [11, 1.5, 12, 2], "rotation": 270, "texture": "#0", "cullface": "down"}
			}
		},
		{
			"name": "frosting_side6",
			"from": [1, 3.75, 9],
			"to": [2, 4.75, 11],
			"rotation": {"angle": 0, "axis": "y", "origin": [1.5, 4.25, 10]},
			"faces": {
				"north": {"uv": [11, 1.5, 11.5, 2], "texture": "#0"},
				"south": {"uv": [11.5, 1.5, 12, 2], "texture": "#0"},
				"west": {"uv": [11, 1.5, 12, 2], "texture": "#0"},
				"down": {"uv": [11, 1.5, 12, 2], "rotation": 270, "texture": "#0", "cullface": "down"}
			}
		},
		{
			"name": "frosting_side7",
			"from": [1, 3.75, 13],
			"to": [3, 4.75, 15],
			"rotation": {"angle": 0, "axis": "y", "origin": [-4.25, -1.25, -0.25]},
			"faces": {
				"north": {"uv": [8.5, 4, 9.5, 4.5], "texture": "#0"},
				"east": {"uv": [7.5, 4, 8.5, 4.5], "texture": "#0"},
				"south": {"uv": [7, 1.5, 8, 2], "texture": "#0"},
				"west": {"uv": [13, 1.5, 14, 2], "texture": "#0"},
				"down": {"uv": [10, 4, 9, 5], "texture": "#0", "cullface": "down"}
			}
		},
		{
			"name": "frosting_side8",
			"from": [5, 3.75, 14],
			"to": [7, 4.75, 15],
			"rotation": {"angle": 0, "axis": "y", "origin": [-0.25, -1.25, -0.25]},
			"faces": {
				"east": {"uv": [9.5, 1.5, 10, 2], "texture": "#0"},
				"south": {"uv": [9, 1.5, 10, 2], "texture": "#0"},
				"west": {"uv": [9, 1.5, 9.5, 2], "texture": "#0"},
				"down": {"uv": [9, 1.5, 10, 2], "texture": "#0", "cullface": "down"}
			}
		},
		{
			"name": "frosting_side9",
			"from": [9, 3.75, 14],
			"to": [11, 4.75, 15],
			"rotation": {"angle": 0, "axis": "y", "origin": [3.75, -1.25, -0.25]},
			"faces": {
				"east": {"uv": [11.5, 1.5, 12, 2], "texture": "#0"},
				"south": {"uv": [11, 1.5, 12, 2], "texture": "#0"},
				"west": {"uv": [11, 1.5, 11.5, 2], "texture": "#0"},
				"down": {"uv": [11, 1.5, 12, 2], "texture": "#0", "cullface": "down"}
			}
		},
		{
			"name": "frosting_side10",
			"from": [13, 3.75, 13],
			"to": [15, 4.75, 15],
			"rotation": {"angle": 0, "axis": "y", "origin": [7.75, -1.25, -0.25]},
			"faces": {
				"north": {"uv": [7.5, 4, 8.5, 4.5], "texture": "#0"},
				"east": {"uv": [7, 1.5, 8, 2], "texture": "#0"},
				"south": {"uv": [13, 1.5, 14, 2], "texture": "#0"},
				"west": {"uv": [8.5, 4, 9.5, 4.5], "texture": "#0"},
				"down": {"uv": [8, 4, 7, 5], "texture": "#0", "cullface": "down"}
			}
		},
		{
			"name": "frosting_side11",
			"from": [14, 3.75, 9],
			"to": [15, 4.75, 11],
			"rotation": {"angle": 0, "axis": "y", "origin": [15, 4.25, 10.5]},
			"faces": {
				"north": {"uv": [11.5, 1.5, 12, 2], "texture": "#0"},
				"east": {"uv": [11, 1.5, 12, 2], "texture": "#0"},
				"south": {"uv": [11, 1.5, 11.5, 2], "texture": "#0"},
				"down": {"uv": [11, 1.5, 12, 2], "rotation": 90, "texture": "#0", "cullface": "down"}
			}
		},
		{
			"name": "small_cherry5",
			"from": [5, 7.125, 3],
			"to": [6, 8.125, 4],
			"rotation": {"angle": 0, "axis": "y", "origin": [6, 8.25, 4]},
			"faces": {
				"north": {"uv": [4.5, 5.5, 5, 6], "texture": "#0"},
				"east": {"uv": [4.5, 5.5, 5, 6], "texture": "#0"},
				"south": {"uv": [4.5, 5.5, 5, 6], "texture": "#0"},
				"west": {"uv": [4.5, 5.5, 5, 6], "texture": "#0"},
				"up": {"uv": [4.5, 5.5, 5, 6], "rotation": 180, "texture": "#0"}
			}
		},
		{
			"name": "middle_cherry",
			"from": [7, 7.75, 7],
			"to": [9, 8.75, 9],
			"rotation": {"angle": 0, "axis": "y", "origin": [8, 8.25, 8]},
			"faces": {
				"north": {"uv": [3, 14, 4, 14.5], "texture": "#0"},
				"east": {"uv": [1, 14, 2, 14.5], "texture": "#0"},
				"south": {"uv": [2, 14, 3, 14.5], "texture": "#0"},
				"west": {"uv": [0, 14, 1, 14.5], "texture": "#0"},
				"up": {"uv": [3, 3, 4, 4], "rotation": 180, "texture": "#0"}
			}
		},
		{
			"name": "big_cherry1",
			"from": [11, 7.25, 3],
			"to": [13, 8.25, 5],
			"rotation": {"angle": 0, "axis": "y", "origin": [12, 8.25, 4]},
			"faces": {
				"north": {"uv": [3, 14, 4, 14.5], "texture": "#0"},
				"east": {"uv": [1, 14, 2, 14.5], "texture": "#0"},
				"south": {"uv": [2, 14, 3, 14.5], "texture": "#0"},
				"west": {"uv": [0, 14, 1, 14.5], "texture": "#0"},
				"up": {"uv": [3, 3, 4, 4], "rotation": 180, "texture": "#0"}
			}
		},
		{
			"name": "big_cherry2",
			"from": [10, 7.25, 11],
			"to": [12, 8.25, 13],
			"rotation": {"angle": 0, "axis": "y", "origin": [11, 8.25, 12]},
			"faces": {
				"north": {"uv": [3, 14, 4, 14.5], "texture": "#0"},
				"east": {"uv": [1, 14, 2, 14.5], "texture": "#0"},
				"south": {"uv": [2, 14, 3, 14.5], "texture": "#0"},
				"west": {"uv": [0, 14, 1, 14.5], "texture": "#0"},
				"up": {"uv": [3, 3, 4, 4], "rotation": 180, "texture": "#0"}
			}
		},
		{
			"name": "small_cherry1",
			"from": [4, 7.125, 10],
			"to": [5, 8.125, 11],
			"rotation": {"angle": 0, "axis": "y", "origin": [5, 8.25, 11]},
			"faces": {
				"north": {"uv": [5, 2, 5.5, 2.5], "texture": "#0"},
				"east": {"uv": [5, 2, 5.5, 2.5], "texture": "#0"},
				"south": {"uv": [5, 2, 5.5, 2.5], "texture": "#0"},
				"west": {"uv": [5, 2, 5.5, 2.5], "texture": "#0"},
				"up": {"uv": [5, 2, 5.5, 2.5], "rotation": 180, "texture": "#0"}
			}
		},
		{
			"name": "small_cherry2",
			"from": [4, 7.125, 13],
			"to": [5, 8.125, 14],
			"rotation": {"angle": 0, "axis": "y", "origin": [5, 8.25, 14]},
			"faces": {
				"north": {"uv": [5, 0.5, 5.5, 1], "texture": "#0"},
				"east": {"uv": [5, 0.5, 5.5, 1], "texture": "#0"},
				"south": {"uv": [5, 0.5, 5.5, 1], "texture": "#0"},
				"west": {"uv": [5, 0.5, 5.5, 1], "texture": "#0"},
				"up": {"uv": [5, 0.5, 5.5, 1], "rotation": 180, "texture": "#0"}
			}
		},
		{
			"name": "small_cherry3",
			"from": [13, 7.125, 8],
			"to": [14, 8.125, 9],
			"rotation": {"angle": 0, "axis": "y", "origin": [14, 8.25, 9]},
			"faces": {
				"north": {"uv": [0.5, 3, 1, 3.5], "texture": "#0"},
				"east": {"uv": [0.5, 3, 1, 3.5], "texture": "#0"},
				"south": {"uv": [0.5, 3, 1, 3.5], "texture": "#0"},
				"west": {"uv": [0.5, 3, 1, 3.5], "texture": "#0"},
				"up": {"uv": [0.5, 3, 1, 3.5], "rotation": 180, "texture": "#0"}
			}
		},
		{
			"name": "small_cherry4",
			"from": [2, 7.125, 6],
			"to": [3, 8.125, 7],
			"rotation": {"angle": 0, "axis": "y", "origin": [3, 8.25, 7]},
			"faces": {
				"north": {"uv": [6, 4, 6.5, 4.5], "texture": "#0"},
				"east": {"uv": [6, 4, 6.5, 4.5], "texture": "#0"},
				"south": {"uv": [6, 4, 6.5, 4.5], "texture": "#0"},
				"west": {"uv": [6, 4, 6.5, 4.5], "texture": "#0"},
				"up": {"uv": [6, 4, 6.5, 4.5], "rotation": 180, "texture": "#0"}
			}
		}
	],
	"display": {
		"thirdperson_righthand": {
			"rotation": [65, 45, 0],
			"translation": [0, 4, 0.25],
			"scale": [0.45, 0.45, 0.45]
		},
		"thirdperson_lefthand": {
			"rotation": [65, 45, 0],
			"translation": [0, 4, 0.25],
			"scale": [0.45, 0.45, 0.45]
		},
		"firstperson_righthand": {
			"rotation": [0, 45, 0],
			"translation": [0.25, 3.25, 0.25],
			"scale": [0.45, 0.45, 0.45]
		},
		"firstperson_lefthand": {
			"rotation": [0, 45, 0],
			"translation": [0.75, 3.25, 0.25],
			"scale": [0.45, 0.45, 0.45]
		},
		"ground": {
			"translation": [0, 3.25, 0],
			"scale": [0.45, 0.45, 0.45]
		},
		"gui": {
			"rotation": [30, -45, 0],
			"translation": [0, 2, 0],
			"scale": [0.7, 0.7, 0.7]
		},
		"head": {
			"translation": [0, 13.5, 0]
		},
		"fixed": {
			"rotation": [-90, 0, 0],
			"translation": [0, 0, -7]
		}
	},
	"groups": [
		{
			"name": "cake",
			"origin": [0, -3, 0],
			"color": 0,
			"children": [
				0,
				{
					"name": "frosting",
					"origin": [15, 4.25, 10.5],
					"color": 0,
					"children": [1, 2, 3, 4, 5, 6, 7, 8, 9, 10, 11, 12, 13]
				},
				{
					"name": "cherries",
					"origin": [3, 8.25, 7],
					"color": 0,
					"children": [14, 15, 16, 17, 18, 19, 20, 21]
				}
			]
		}
	]
}