{
	"format_version": "1.21.6",
	"credit": "Made with Blockbench",
	"texture_size": [32, 32],
	"textures": {
		"1": "item/cooked_porkchop_3d",
		"particle": "item/cooked_porkchop"
	},
	"elements": [
		{
			"name": "porkchop",
			"from": [6, 0.5, 5],
			"to": [11, 2.5, 12],
			"rotation": {"angle": 0, "axis": "y", "origin": [8.5, 0.75, 7.5]},
			"faces": {
				"north": {"uv": [5, 1, 7.5, 2], "texture": "#1"},
				"east": {"uv": [0, 4.5, 3.5, 5.5], "texture": "#1"},
				"south": {"uv": [5, 0, 7.5, 1], "texture": "#1"},
				"west": {"uv": [7, 4.5, 3.5, 5.5], "texture": "#1"},
				"up": {"uv": [2.5, 0, 0, 3.5], "texture": "#1"},
				"down": {"uv": [5, 0, 2.5, 3.5], "texture": "#1"}
			}
		},
		{
			"from": [9.401, 1.001, 5.001],
			"to": [13.399, 1.999, 7.999],
			"rotation": {"angle": 45, "axis": "y", "origin": [9, 1, 6]},
			"faces": {
				"north": {"uv": [0, 4, 2, 4.5], "texture": "#1"},
				"east": {"uv": [4, 4, 5.5, 4.5], "texture": "#1"},
				"south": {"uv": [2, 4, 4, 4.5], "texture": "#1"},
				"west": {"uv": [5.5, 3.5, 7, 4], "texture": "#1"},
				"up": {"uv": [7, 2, 9, 3.5], "texture": "#1"},
				"down": {"uv": [5, 2, 7, 3.5], "texture": "#1"}
			}
		}
	],
	"display": {
		"thirdperson_righthand": {
			"rotation": [-45, 0, 0],
			"translation": [-0.25, 4, -3],
			"scale": [0.7, 0.7, 0.7]
		},
		"thirdperson_lefthand": {
			"rotation": [-45, 0, 0],
			"translation": [0.25, 4, -3],
			"scale": [0.7, 0.7, 0.7]
		},
		"firstperson_righthand": {
			"translation": [-0.5, 8, 1]
		},
		"firstperson_lefthand": {
			"translation": [-0.5, 8, 1]
		},
		"ground": {
			"translation": [0, 3.5, 0],
			"scale": [0.75, 0.75, 0.75]
		},
		"gui": {
			"rotation": [30, -45, 0],
			"translation": [-1.25, 7.25, 0],
			"scale": [1.25, 1.25, 1.25]
		},
		"head": {
			"translation": [-0.25, 13.75, 0]
		},
		"fixed": {
			"rotation": [-90, 90, 0],
			"translation": [0.75, 1.5, -8.75],
			"scale": [1.5, 1.5, 1.5]
		}
	},
	"groups": [
		{
			"name": "cooked_porckchop",
			"origin": [-10, 2, 0],
			"color": 0,
			"children": [0, 1]
		}
	]
}