{
	"format_version": "1.21.6",
	"credit": "Made with Blockbench",
	"texture_size": [32, 32],
	"textures": {
		"0": "item/glistering_melon_slice_3d",
		"particle": "item/food_particles/glistering_melon_slice"
	},
	"elements": [
		{
			"name": "pulp",
			"from": [6.75, 1, 4.5],
			"to": [8.25, 5, 11.5],
			"rotation": {"angle": 0, "axis": "y", "origin": [7.5, 1.75, 8]},
			"faces": {
				"east": {"uv": [0, 0, 3.5, 2], "texture": "#0"},
				"west": {"uv": [0, 2, 3.5, 4], "texture": "#0"},
				"up": {"uv": [4.5, 3.5, 3.5, 0], "texture": "#0"}
			}
		},
		{
			"name": "rind1",
			"from": [6.5, 0, 4.5],
			"to": [8.5, 1, 11.5],
			"rotation": {"angle": 0, "axis": "y", "origin": [7.5, 1.75, 8]},
			"faces": {
				"east": {"uv": [5.5, 4, 8.5, 4.5], "texture": "#0"},
				"west": {"uv": [5.5, 4.5, 8.5, 5], "texture": "#0"},
				"up": {"uv": [1, 7.5, 0, 4.5], "texture": "#0"},
				"down": {"uv": [2, 4.5, 1, 7.5], "texture": "#0"}
			}
		},
		{
			"name": "rind2",
			"from": [6.5, 0, 3.5],
			"to": [8.5, 5, 4.5],
			"rotation": {"angle": 0, "axis": "y", "origin": [7.5, 1.75, 8]},
			"faces": {
				"north": {"uv": [2, 4, 3, 6.5], "texture": "#0"},
				"east": {"uv": [3, 4, 3.5, 6.5], "texture": "#0"},
				"south": {"uv": [4.5, 0, 5.5, 2.5], "texture": "#0"},
				"west": {"uv": [5.5, 5, 6, 7.5], "texture": "#0"},
				"up": {"uv": [7.5, 3.5, 6.5, 3], "texture": "#0"},
				"down": {"uv": [7.5, 3.5, 6.5, 4], "texture": "#0"}
			}
		},
		{
			"name": "rind3",
			"from": [6.5, 0, 11.5],
			"to": [8.5, 5, 12.5],
			"rotation": {"angle": 0, "axis": "y", "origin": [7.5, 1.75, 8]},
			"faces": {
				"north": {"uv": [4.5, 2.5, 5.5, 5], "texture": "#0"},
				"east": {"uv": [6, 5, 6.5, 7.5], "texture": "#0"},
				"south": {"uv": [4.5, 5, 5.5, 7.5], "texture": "#0"},
				"west": {"uv": [6.5, 0, 7, 2.5], "texture": "#0"},
				"up": {"uv": [7.5, 5.5, 6.5, 5], "texture": "#0"},
				"down": {"uv": [7.5, 5.5, 6.5, 6], "texture": "#0"}
			}
		}
	],
	"display": {
		"thirdperson_righthand": {
			"rotation": [45, 0, 0],
			"translation": [0.5, 4.25, 3.75],
			"scale": [0.75, 0.75, 0.75]
		},
		"thirdperson_lefthand": {
			"rotation": [45, 0, 0],
			"translation": [0.5, 4.25, 3.75],
			"scale": [0.75, 0.75, 0.75]
		},
		"firstperson_righthand": {
			"rotation": [0, -179, 0],
			"translation": [-1.25, 7, 3.25],
			"scale": [0.75, 0.75, 0.75]
		},
		"firstperson_lefthand": {
			"rotation": [0, -179, 0],
			"translation": [-1.25, 7, 3.25],
			"scale": [0.75, 0.75, 0.75]
		},
		"ground": {
			"translation": [0, 4.25, 0.5],
			"scale": [0.75, 0.75, 0.75]
		},
		"gui": {
			"rotation": [30, -45, 0],
			"translation": [0.5, 6.25, 0],
			"scale": [1.4, 1.4, 1.4]
		},
		"head": {
			"translation": [0.5, 14.25, 0.25]
		},
		"fixed": {
			"translation": [0.75, 8.25, 1],
			"scale": [1.5, 1.5, 1.5]
		}
	},
	"groups": [
		{
			"name": "glistering_melon_slice",
			"origin": [0, 0, 8],
			"color": 0,
			"children": [
				{
					"name": "pulp",
					"origin": [4, 0, 7],
					"color": 0,
					"children": [0]
				},
				{
					"name": "rind",
					"origin": [4, 0, 7],
					"color": 0,
					"children": [1, 2, 3]
				}
			]
		}
	]
}