{
	"format_version": "1.21.6",
	"credit": "Made with Blockbench",
	"texture_size": [32, 32],
	"textures": {
		"0": "item/eatinganimation/bread/bread_eat_1",
		"particle": "item/bread"
	},
	"elements": [
		{
			"from": [5, 1, 2.5],
			"to": [7, 4, 4.5],
			"rotation": {"angle": 0, "axis": "y", "origin": [8, 2.5, 8]},
			"faces": {
				"north": {"uv": [8, 3, 9, 4.5], "texture": "#0"},
				"east": {"uv": [4.5, 6, 5.5, 7.5], "texture": "#0"},
				"south": {"uv": [6, 1.5, 7, 3], "texture": "#0"},
				"west": {"uv": [6, 0, 7, 1.5], "texture": "#0"},
				"up": {"uv": [5.5, 1, 4.5, 0], "rotation": 90, "texture": "#0"},
				"down": {"uv": [5.5, 3, 4.5, 4], "rotation": 270, "texture": "#0"}
			}
		},
		{
			"from": [7, 1, 3.5],
			"to": [9, 4, 4.5],
			"rotation": {"angle": 0, "axis": "y", "origin": [8, 2.5, 8]},
			"faces": {
				"north": {"uv": [7, 3, 8, 4.5], "texture": "#0"},
				"east": {"uv": [4.5, 6, 5, 7.5], "texture": "#0"},
				"south": {"uv": [7, 1.5, 8, 3], "texture": "#0"},
				"west": {"uv": [6.5, 0, 7, 1.5], "texture": "#0"},
				"up": {"uv": [5, 2, 4.5, 1], "rotation": 90, "texture": "#0"},
				"down": {"uv": [5, 4, 4.5, 5], "rotation": 270, "texture": "#0"}
			}
		},
		{
			"from": [5, 1, 4.5],
			"to": [11, 4, 13.5],
			"rotation": {"angle": 0, "axis": "y", "origin": [8, 2.5, 8]},
			"faces": {
				"north": {"uv": [6, 3, 9, 4.5], "texture": "#0"},
				"east": {"uv": [0, 6, 4.5, 7.5], "texture": "#0"},
				"south": {"uv": [6, 1.5, 9, 3], "texture": "#0"},
				"west": {"uv": [7, 0, 11.5, 1.5], "texture": "#0"},
				"up": {"uv": [4.5, 3, 0, 0], "rotation": 90, "texture": "#0"},
				"down": {"uv": [4.5, 3, 0, 6], "rotation": 270, "texture": "#0"}
			}
		}
	],
	"display": {
		"thirdperson_righthand": {
			"rotation": [-45, -180, 0],
			"translation": [0, 3.5, -1.75],
			"scale": [0.6, 0.6, 0.6]
		},
		"thirdperson_lefthand": {
			"rotation": [-45, -180, 0],
			"translation": [-0.25, 3.5, -1.75],
			"scale": [0.6, 0.6, 0.6]
		},
		"firstperson_righthand": {
			"rotation": [-8, 95, 0],
			"translation": [4.5, 6.25, 0.5]
		},
		"firstperson_lefthand": {
			"rotation": [-8, 95, 0],
			"translation": [4.5, 6.25, 0.5]
		},
		"ground": {
			"translation": [0, 3.5, 0],
			"scale": [0.75, 0.75, 0.75]
		},
		"gui": {
			"rotation": [30, -45, 0],
			"translation": [0, 5.25, 0],
			"scale": [1.2, 1.2, 1.2]
		},
		"head": {
			"translation": [0, 13.25, 0]
		},
		"fixed": {
			"rotation": [-90, 90, 0],
			"translation": [0.5, 0, -7.75],
			"scale": [1.25, 1.25, 1.25]
		}
	}
}