{
	"format_version": "1.21.6",
	"credit": "Made with Blockbench",
	"texture_size": [32, 32],
	"textures": {
		"1": "item/eatinganimation/beef/beef_eat_2",
		"particle": "item/beef"
	},
	"elements": [
		{
			"name": "beef",
			"from": [6, 0.5, 9],
			"to": [8, 2.5, 10],
			"rotation": {"angle": 0, "axis": "y", "origin": [8.5, 1.5, 8.5]},
			"faces": {
				"north": {"uv": [6.5, 0, 7.5, 1], "texture": "#1"},
				"east": {"uv": [1.5, 4.5, 2, 5.5], "texture": "#1"},
				"south": {"uv": [5, 1, 6, 2], "texture": "#1"},
				"west": {"uv": [7.5, 4.5, 8, 5.5], "texture": "#1"},
				"up": {"uv": [2.5, 1.5, 1.5, 1], "texture": "#1"},
				"down": {"uv": [5, 1, 4, 1.5], "texture": "#1"}
			}
		},
		{
			"name": "beef",
			"from": [6, 0.5, 8],
			"to": [9, 2.5, 9],
			"rotation": {"angle": 0, "axis": "y", "origin": [8.5, 1.5, 8.5]},
			"faces": {
				"north": {"uv": [6, 0, 7.5, 1], "texture": "#1"},
				"east": {"uv": [1.5, 4.5, 2, 5.5], "texture": "#1"},
				"south": {"uv": [5, 1, 6.5, 2], "texture": "#1"},
				"west": {"uv": [7, 4.5, 7.5, 5.5], "texture": "#1"},
				"up": {"uv": [2.5, 2, 1, 1.5], "texture": "#1"},
				"down": {"uv": [5, 1.5, 3.5, 2], "texture": "#1"}
			}
		},
		{
			"name": "beef",
			"from": [6, 0.5, 3],
			"to": [11, 2.5, 8],
			"rotation": {"angle": 0, "axis": "y", "origin": [8.5, 1.5, 7.5]},
			"faces": {
				"north": {"uv": [5, 0, 7.5, 1], "texture": "#1"},
				"east": {"uv": [2, 4.5, 4.5, 5.5], "texture": "#1"},
				"south": {"uv": [5, 1, 7.5, 2], "texture": "#1"},
				"west": {"uv": [4.5, 4.5, 7, 5.5], "texture": "#1"},
				"up": {"uv": [2.5, 4.5, 0, 2], "texture": "#1"},
				"down": {"uv": [5, 2, 2.5, 4.5], "texture": "#1"}
			}
		}
	],
	"display": {
		"thirdperson_righthand": {
			"rotation": [-45, 0, 0],
			"translation": [-0.25, 3.75, -2.75],
			"scale": [0.65, 0.65, 0.65]
		},
		"thirdperson_lefthand": {
			"rotation": [-45, 0, 0],
			"translation": [0.5, 3.75, -2.75],
			"scale": [0.65, 0.65, 0.65]
		},
		"firstperson_righthand": {
			"rotation": [-16, -85, -8],
			"translation": [-2, 10, 0.75],
			"scale": [0.5, 0.5, 0.5]
		},
		"firstperson_lefthand": {
			"rotation": [-16, -85, -8],
			"translation": [-2, 10, 0.75],
			"scale": [0.5, 0.5, 0.5]
		},
		"ground": {
			"translation": [0, 4.25, 0],
			"scale": [0.75, 0.75, 0.75]
		},
		"gui": {
			"rotation": [30, -45, 0],
			"translation": [-1, 7.75, 0],
			"scale": [1.4, 1.4, 1.4]
		},
		"head": {
			"translation": [-0.5, 13.75, 0.5]
		},
		"fixed": {
			"rotation": [-90, 90, 0],
			"translation": [0.5, 0, -10.25],
			"scale": [1.5, 1.5, 1.5]
		}
	},
	"groups": [
		{
			"name": "beef",
			"origin": [-10, 2, 0],
			"color": 0,
			"children": [0, 1, 2]
		}
	]
}