{
	"format_version": "1.21.6",
	"credit": "Made with Blockbench",
	"textures": {
		"2": "item/eatinganimation/golden_apple/golden_apple_stem",
		"3": "item/golden_apple_3d_not_animated",
		"particle": "item/food_particles/golden_apple"
	},
	"elements": [
		{
			"name": "apple",
			"from": [6, 0, 6],
			"to": [11, 5, 11],
			"rotation": {"angle": 0, "axis": "y", "origin": [13, 0, 13]},
			"faces": {
				"north": {"uv": [0, 0, 5, 5], "texture": "#3"},
				"east": {"uv": [0, 5, 5, 10], "texture": "#3"},
				"south": {"uv": [5, 0, 10, 5], "texture": "#3"},
				"west": {"uv": [5, 5, 10, 10], "texture": "#3"},
				"up": {"uv": [5, 15, 0, 10], "texture": "#3"},
				"down": {"uv": [15, 0, 10, 5], "texture": "#3"}
			}
		},
		{
			"name": "stem",
			"from": [8, 5, 8],
			"to": [9, 7, 9],
			"rotation": {"angle": 22.5, "axis": "x", "origin": [8, 5, 8]},
			"faces": {
				"north": {"uv": [0, 3, 1, 5], "texture": "#2"},
				"east": {"uv": [1, 3, 2, 5], "texture": "#2"},
				"south": {"uv": [2, 3, 3, 5], "texture": "#2"},
				"west": {"uv": [3, 3, 4, 5], "texture": "#2"},
				"up": {"uv": [5, 1, 4, 0], "texture": "#2"}
			}
		},
		{
			"name": "leaf",
			"from": [8.4998, 3.9998, 6.9998],
			"to": [8.5, 7.0002, 9.0002],
			"rotation": {"angle": -22.5, "axis": "x", "origin": [8, 4, 7]},
			"faces": {
				"east": {"uv": [0, 0, 2, 3], "texture": "#2"},
				"west": {"uv": [2, 0, 4, 3], "texture": "#2"}
			}
		},
		{
			"name": "apple",
			"from": [11.25, 5.25, 11.25],
			"to": [5.75, -0.25, 5.75],
			"rotation": {"angle": 0, "axis": "y", "origin": [8.4999, 4.23005, 7.96199]},
			"faces": {
				"north": {"uv": [14, 12, 15, 13], "texture": "#3"},
				"east": {"uv": [14, 12, 15, 13], "texture": "#3"},
				"south": {"uv": [14, 12, 15, 13], "texture": "#3"},
				"west": {"uv": [14, 12, 15, 13], "texture": "#3"},
				"up": {"uv": [14, 12, 15, 13], "texture": "#3"},
				"down": {"uv": [14, 12, 15, 13], "texture": "#3"}
			}
		},
		{
			"from": [8.7098, 6.59585, 8.19539],
			"to": [8.2898, 4.17585, 6.77539],
			"rotation": {"angle": -22.5, "axis": "x", "origin": [8.4999, 4.23005, 7.96199]},
			"faces": {
				"east": {"uv": [14, 12, 15, 13], "texture": "#3"},
				"south": {"uv": [14, 10, 15, 13], "texture": "#3"},
				"west": {"uv": [14, 10, 15, 13], "texture": "#3"},
				"up": {"uv": [14, 12, 15, 13], "texture": "#3"},
				"down": {"uv": [14, 12, 15, 16], "texture": "#3"}
			}
		},
		{
			"from": [8.6998, 7.58585, 9.18539],
			"to": [8.2998, 4.18585, 7.78539],
			"rotation": {"angle": -22.5, "axis": "x", "origin": [8.4999, 4.23005, 7.96199]},
			"faces": {
				"north": {"uv": [14, 12, 15, 13], "texture": "#3"},
				"east": {"uv": [14, 12, 15, 13], "texture": "#3"},
				"south": {"uv": [15, 12, 16, 15], "texture": "#3"},
				"west": {"uv": [14, 12, 15, 13], "texture": "#3"},
				"up": {"uv": [14, 12, 15, 13], "texture": "#3"},
				"down": {"uv": [14, 12, 15, 13], "texture": "#3"}
			}
		},
		{
			"name": "stem",
			"from": [9.25, 7.20594, 8.95246],
			"to": [7.75, 4.70594, 7.45246],
			"rotation": {"angle": 22.5, "axis": "x", "origin": [8.4999, 4.23005, 7.96199]},
			"faces": {
				"north": {"uv": [14, 12, 15, 13], "texture": "#3"},
				"east": {"uv": [14, 12, 15, 13], "texture": "#3"},
				"south": {"uv": [14, 7, 15, 14], "texture": "#3"},
				"west": {"uv": [14, 11, 15, 13], "texture": "#3"},
				"down": {"uv": [14, 12, 15, 13], "texture": "#3"}
			}
		},
		{
			"from": [10, 5, 7],
			"to": [11, 6, 8],
			"rotation": {"angle": 45, "axis": "x", "origin": [10, 5, 8]},
			"faces": {
				"north": {"uv": [14, 12, 15, 13], "rotation": 180, "texture": "#3"},
				"east": {"uv": [14, 12, 15, 13], "rotation": 90, "texture": "#3"},
				"south": {"uv": [14, 12, 15, 13], "texture": "#3"},
				"west": {"uv": [14, 12, 15, 13], "rotation": 270, "texture": "#3"},
				"up": {"uv": [14, 12, 15, 13], "texture": "#3"},
				"down": {"uv": [14, 12, 15, 13], "rotation": 180, "texture": "#3"}
			}
		}
	],
	"display": {
		"thirdperson_righthand": {
			"rotation": [45, -45, 0],
			"translation": [0, 4.25, 1.25],
			"scale": [0.75, 0.75, 0.75]
		},
		"thirdperson_lefthand": {
			"rotation": [45, 45, 0],
			"translation": [0, 4.5, 1.25],
			"scale": [0.75, 0.75, 0.75]
		},
		"firstperson_righthand": {
			"rotation": [-17, -12, -35],
			"translation": [1.5, 7.25, 1],
			"scale": [0.75, 0.75, 0.75]
		},
		"firstperson_lefthand": {
			"rotation": [-1, -160, 36],
			"translation": [1.5, 7.25, 1],
			"scale": [0.75, 0.75, 0.75]
		},
		"ground": {
			"translation": [0, 4.5, 0],
			"scale": [0.75, 0.75, 0.75]
		},
		"gui": {
			"rotation": [30, 45, 0],
			"translation": [-1, 6.5, 0],
			"scale": [1.5, 1.5, 1.5]
		},
		"head": {
			"rotation": [0, 90, 0],
			"translation": [-0.75, 14.75, 0.5]
		},
		"fixed": {
			"rotation": [0, 90, 0],
			"translation": [-1, 7.75, 1.5],
			"scale": [1.5, 1.5, 1.5]
		}
	},
	"groups": [
		{
			"name": "golden_apple",
			"origin": [8, 4, 7],
			"color": 0,
			"children": [
				{
					"name": "fruit",
					"origin": [13, 0, 13],
					"color": 0,
					"children": [0]
				},
				{
					"name": "stem",
					"origin": [8, 5, 8],
					"color": 0,
					"children": [1]
				},
				{
					"name": "leaf",
					"origin": [8, 4, 7],
					"color": 0,
					"children": [2]
				}
			]
		},
		{
			"name": "outline",
			"origin": [8, 4, 7],
			"color": 0,
			"children": [
				{
					"name": "fruit",
					"origin": [13, 0, 13],
					"color": 0,
					"children": [3]
				}
			]
		},
		{
			"name": "leaf",
			"origin": [8, 4, 7],
			"color": 0,
			"children": [4, 5]
		},
		{
			"name": "stem",
			"origin": [8, 5, 8],
			"color": 0,
			"children": [6]
		},
		7
	]
}