{
	"format_version": "1.21.6",
	"credit": "Made with Blockbench",
	"textures": {
		"0": "item/spider_eye_3d",
		"particle": "item/spider_eye"
	},
	"elements": [
		{
			"from": [6, 5, 6],
			"to": [10, 9, 10],
			"rotation": {"angle": 0, "axis": "y", "origin": [8, 5, 8]},
			"faces": {
				"north": {"uv": [0, 5, 4, 9], "texture": "#0"},
				"east": {"uv": [4, 5, 8, 9], "texture": "#0"},
				"south": {"uv": [8, 0, 12, 4], "texture": "#0"},
				"west": {"uv": [8, 4, 12, 8], "texture": "#0"},
				"up": {"uv": [12, 12, 8, 8], "texture": "#0"},
				"down": {"uv": [4, 9, 0, 13], "texture": "#0"}
			}
		},
		{
			"from": [8, 0.5, 6.5],
			"to": [8, 5.5, 9.5],
			"rotation": {"angle": 0, "axis": "y", "origin": [8, 5, 8]},
			"faces": {
				"north": {"uv": [0, 0, 0, 5], "texture": "#0"},
				"east": {"uv": [1, 0, 4, 5], "texture": "#0"},
				"south": {"uv": [0, 0, 0, 5], "texture": "#0"},
				"west": {"uv": [1, 0, 4, 5], "texture": "#0"},
				"up": {"uv": [0, 4, 0, 0], "texture": "#0"},
				"down": {"uv": [0, 0, 0, 4], "texture": "#0"}
			}
		}
	],
	"display": {
		"thirdperson_righthand": {
			"rotation": [45, 0, 0],
			"translation": [0, 0.75, 0],
			"scale": [0.5, 0.5, 0.5]
		},
		"thirdperson_lefthand": {
			"rotation": [45, 0, 0],
			"translation": [0, 0.75, 0],
			"scale": [0.5, 0.5, 0.5]
		},
		"firstperson_righthand": {
			"rotation": [-9, -175, -88],
			"translation": [-1.75, 4.75, 1.5],
			"scale": [0.75, 0.75, 0.75]
		},
		"firstperson_lefthand": {
			"rotation": [-9, -175, -88],
			"translation": [-1.75, 4.75, 1.5],
			"scale": [0.75, 0.75, 0.75]
		},
		"ground": {
			"translation": [0, 2.5, 0],
			"scale": [0.5, 0.5, 0.5]
		},
		"gui": {
			"rotation": [30, 45, 0],
			"translation": [0, 2.5, 0],
			"scale": [1.25, 1.25, 1.25]
		},
		"head": {
			"rotation": [-180, 90, 0],
			"translation": [0, 7.5, 0]
		},
		"fixed": {
			"rotation": [0, 90, 0],
			"translation": [0, 3.25, 1],
			"scale": [1.25, 1.25, 1.25]
		}
	}
}