{
	"format_version": "1.21.6",
	"credit": "Made with Blockbench",
	"texture_size": [32, 32],
	"textures": {
		"1": "item/eatinganimation/tropical_fish/tropical_fish_eat_2",
		"particle": "item/tropical_fish"
	},
	"elements": [
		{
			"name": "body",
			"from": [7, 0, 3],
			"to": [9, 3, 5],
			"rotation": {"angle": 0, "axis": "y", "origin": [8, 0, 6]},
			"faces": {
				"north": {"uv": [3, 3, 4, 4.5], "texture": "#1"},
				"east": {"uv": [2, 3, 3, 4.5], "texture": "#1"},
				"south": {"uv": [7, 4.5, 8, 6], "texture": "#1"},
				"west": {"uv": [4, 3, 5, 4.5], "texture": "#1"},
				"up": {"uv": [4, 3, 3, 2], "texture": "#1"},
				"down": {"uv": [5, 2, 4, 3], "texture": "#1"}
			}
		},
		{
			"name": "body",
			"from": [7, 0, 7],
			"to": [9, 3, 9],
			"rotation": {"angle": 0, "axis": "y", "origin": [8, 0, 6]},
			"faces": {
				"north": {"uv": [6, 4.5, 7, 6], "texture": "#1"},
				"east": {"uv": [0, 3, 1, 4.5], "texture": "#1"},
				"south": {"uv": [7, 3, 8, 4.5], "texture": "#1"},
				"west": {"uv": [6, 3, 7, 4.5], "texture": "#1"},
				"up": {"uv": [4, 1, 3, 0], "texture": "#1"},
				"down": {"uv": [5, 0, 4, 1], "texture": "#1"}
			}
		},
		{
			"from": [7.25, 2, 4],
			"to": [7, 1, 3],
			"rotation": {"angle": 0, "axis": "y", "origin": [7, 1, 4]},
			"faces": {
				"north": {"uv": [4, 5, 4.25, 5.5], "texture": "#1"},
				"west": {"uv": [4, 5, 4.5, 5.5], "texture": "#1"},
				"up": {"uv": [4, 5, 4.25, 5.5], "texture": "#1"},
				"down": {"uv": [4, 5, 4.25, 5.5], "texture": "#1"}
			}
		},
		{
			"from": [9, 2, 4],
			"to": [8.75, 1, 3],
			"rotation": {"angle": 0, "axis": "y", "origin": [10, 1, 4]},
			"faces": {
				"north": {"uv": [4, 5, 4.25, 5.5], "texture": "#1"},
				"east": {"uv": [4, 5, 4.5, 5.5], "texture": "#1"},
				"up": {"uv": [4, 5, 4.25, 5.5], "texture": "#1"},
				"down": {"uv": [4, 5, 4.25, 5.5], "texture": "#1"}
			}
		},
		{
			"from": [7.248, 0.998, 2.998],
			"to": [8.002, 2.002, 3.002],
			"rotation": {"angle": 0, "axis": "y", "origin": [7, 0, 3]},
			"faces": {
				"north": {"uv": [0, 0, 0.375, 0.5], "texture": "#1"},
				"east": {"uv": [0, 0, 0, 0.5], "texture": "#1"},
				"south": {"uv": [0, 0, 0.375, 0.5], "texture": "#1"},
				"west": {"uv": [0, 0, 0, 0.5], "texture": "#1"},
				"up": {"uv": [0, 0, 0.375, 0], "texture": "#1"},
				"down": {"uv": [0, 0, 0.375, 0], "texture": "#1"}
			}
		},
		{
			"from": [7.998, 0.998, 2.998],
			"to": [8.752, 2.002, 3.002],
			"rotation": {"angle": 0, "axis": "y", "origin": [8, 0, 3]},
			"faces": {
				"north": {"uv": [0, 0.5, 0.375, 1], "texture": "#1"},
				"east": {"uv": [0, 0, 0, 0.5], "texture": "#1"},
				"south": {"uv": [0, 0, 0.375, 0.5], "texture": "#1"},
				"west": {"uv": [0, 0, 0, 0.5], "texture": "#1"},
				"up": {"uv": [0, 0, 0.375, 0], "texture": "#1"},
				"down": {"uv": [0, 0, 0.375, 0], "texture": "#1"}
			}
		},
		{
			"from": [7.76, 1.01, 5.01],
			"to": [8.24, 1.99, 8.99],
			"rotation": {"angle": 0, "axis": "y", "origin": [7, 1, 5]},
			"faces": {
				"north": {"uv": [6, 6.5, 6.25, 7], "texture": "#1"},
				"east": {"uv": [6.5, 6.5, 8.5, 7], "texture": "#1"},
				"south": {"uv": [6, 6.5, 6.25, 7], "texture": "#1"},
				"west": {"uv": [6.5, 6.5, 8.5, 7], "texture": "#1"},
				"up": {"uv": [6, 6.5, 6.25, 8.5], "texture": "#1"},
				"down": {"uv": [6, 6.5, 6.25, 8.5], "texture": "#1"}
			}
		},
		{
			"from": [7.999, -0.001, 5.999],
			"to": [8.001, 3.001, 7.001],
			"rotation": {"angle": 0, "axis": "y", "origin": [8, 0, 5]},
			"faces": {
				"north": {"uv": [0, 0, 0, 1.5], "texture": "#1"},
				"east": {"uv": [6, 8.5, 6.5, 10], "texture": "#1"},
				"south": {"uv": [0, 0, 0, 1.5], "texture": "#1"},
				"west": {"uv": [6, 8.5, 6.5, 10], "texture": "#1"},
				"up": {"uv": [0, 0, 0, 0.5], "texture": "#1"},
				"down": {"uv": [0, 0, 0, 0.5], "texture": "#1"}
			}
		},
		{
			"name": "fin_top",
			"from": [8, 3, 3],
			"to": [8, 7, 9],
			"rotation": {"angle": 0, "axis": "y", "origin": [8, 0, 6]},
			"faces": {
				"north": {"uv": [8, 0, 8, 2], "texture": "#1"},
				"east": {"uv": [5, 0, 8, 2], "texture": "#1"},
				"south": {"uv": [11, 0, 11, 2], "texture": "#1"},
				"west": {"uv": [8, 0, 11, 2], "texture": "#1"},
				"up": {"uv": [8, 0, 8, -3], "texture": "#1"},
				"down": {"uv": [8, -3, 8, 0], "texture": "#1"}
			}
		},
		{
			"name": "tail",
			"from": [8, 0, 9],
			"to": [8, 3, 13],
			"rotation": {"angle": 0, "axis": "y", "origin": [8, 0, 6]},
			"faces": {
				"north": {"uv": [14, 0, 14, 1.5], "texture": "#1"},
				"east": {"uv": [12, 0, 14, 1.5], "texture": "#1"},
				"south": {"uv": [16, 0, 16, 1.5], "texture": "#1"},
				"west": {"uv": [14, 0, 16, 1.5], "texture": "#1"},
				"up": {"uv": [14, 0, 14, -2], "texture": "#1"},
				"down": {"uv": [14, -2, 14, 0], "texture": "#1"}
			}
		}
	],
	"display": {
		"thirdperson_righthand": {
			"rotation": [135, 0, -180],
			"translation": [0.25, 2.75, -5],
			"scale": [0.75, 0.75, 0.75]
		},
		"thirdperson_lefthand": {
			"rotation": [135, 0, -180],
			"translation": [0.25, 2.75, -5],
			"scale": [0.75, 0.75, 0.75]
		},
		"firstperson_righthand": {
			"rotation": [0, -1, -21],
			"translation": [1.5, 10, 2.25]
		},
		"firstperson_lefthand": {
			"rotation": [0, -1, -21],
			"translation": [1.5, 10, 2.25]
		},
		"ground": {
			"translation": [0, 4.25, 0],
			"scale": [0.75, 0.75, 0.75]
		},
		"gui": {
			"rotation": [30, 135, 0],
			"translation": [1.25, 10.5, 1],
			"scale": [1.75, 1.75, 1.75]
		},
		"head": {
			"translation": [0, 14.5, 0]
		},
		"fixed": {
			"rotation": [0, 90, 0],
			"translation": [1.25, 9.5, 1],
			"scale": [1.5, 1.5, 1.5]
		}
	},
	"groups": [
		{
			"name": "body",
			"origin": [0, 1.5, 0],
			"color": 0,
			"children": [
				0,
				1,
				2,
				3,
				{
					"name": "right_fin",
					"origin": [1, 0, 0],
					"rotation": [0, -45, 0],
					"color": 0,
					"children": []
				},
				{
					"name": "left_fin",
					"origin": [-1, 0, 0],
					"rotation": [0, 45, 0],
					"color": 0,
					"children": []
				},
				4,
				5,
				6,
				7
			]
		},
		{
			"name": "fin_top",
			"origin": [0, 3, -3],
			"color": 0,
			"children": [8]
		},
		{
			"name": "tail",
			"origin": [0, 1.5, 3],
			"color": 0,
			"children": [9]
		}
	]
}