{
	"format_version": "1.21.6",
	"credit": "Made with Blockbench",
	"textures": {
		"0": "item/cooked_mutton_3d",
		"particle": "item/cooked_mutton_3d"
	},
	"elements": [
		{
			"name": "raw_mutton1",
			"from": [6, 0, 5],
			"to": [11, 2, 12],
			"rotation": {"angle": 0, "axis": "y", "origin": [0, 0, -3]},
			"faces": {
				"north": {"uv": [0, 9, 5, 11], "texture": "#0"},
				"east": {"uv": [0, 7, 7, 9], "texture": "#0"},
				"south": {"uv": [5, 9, 10, 11], "texture": "#0"},
				"west": {"uv": [7, 7, 14, 9], "texture": "#0"},
				"up": {"uv": [5, 7, 0, 0], "texture": "#0"},
				"down": {"uv": [10, 0, 5, 7], "texture": "#0"}
			}
		},
		{
			"name": "raw_mutton2",
			"from": [6.5, 0.5, 9],
			"to": [10.5, 1.5, 15],
			"rotation": {"angle": 22.5, "axis": "y", "origin": [8, 0, 9]},
			"faces": {
				"east": {"uv": [0, 12, 6, 13], "texture": "#0"},
				"south": {"uv": [6, 11, 10, 12], "texture": "#0"},
				"west": {"uv": [0, 11, 6, 12], "texture": "#0"},
				"up": {"uv": [10, 0, 14, 6], "texture": "#0"},
				"down": {"uv": [10, 9, 14, 15], "texture": "#0"}
			}
		}
	],
	"display": {
		"thirdperson_righthand": {
			"rotation": [-45, 0, 0],
			"translation": [-0.25, 3, -4.25],
			"scale": [0.7, 0.7, 0.7]
		},
		"thirdperson_lefthand": {
			"rotation": [-45, 0, 0],
			"translation": [-0.25, 3, -4.25],
			"scale": [0.7, 0.7, 0.7]
		},
		"firstperson_righthand": {
			"rotation": [-2, 94, -8],
			"translation": [-1.25, 10, 0.75],
			"scale": [0.5, 0.5, 0.5]
		},
		"firstperson_lefthand": {
			"rotation": [-2, 94, -8],
			"translation": [-1.25, 10, 0.75],
			"scale": [0.5, 0.5, 0.5]
		},
		"ground": {
			"translation": [0, 4.5, 0],
			"scale": [0.75, 0.75, 0.75]
		},
		"gui": {
			"rotation": [30, -45, 0],
			"translation": [0.25, 9.25, 0],
			"scale": [1.4, 1.4, 1.4]
		},
		"head": {
			"rotation": [0, -180, 0],
			"translation": [1, 18.25, 0.75],
			"scale": [1.5, 1.5, 1.5]
		},
		"fixed": {
			"rotation": [-90, -90, 0],
			"translation": [2, -1.25, -9.5],
			"scale": [1.5, 1.5, 1.5]
		}
	},
	"groups": [
		{
			"name": "raw_mutton",
			"origin": [8, 0, 9],
			"color": 0,
			"children": [0, 1]
		}
	]
}